ISO-10303-21;
HEADER;
FILE_DESCRIPTION (( 'STEP AP214' ),
    '1' );
FILE_NAME ('Íâ¿Ç.STEP',
    '2026-10-01T03:46:52',
    ( '' ),
    ( '' ),
    'SwSTEP 2.0',
    'SolidWorks 2026',
    '' );
FILE_SCHEMA (( 'AUTOMOTIVE_DESIGN' ));
ENDSEC;

DATA;
#1 = VECTOR ( 'NONE', #1114, 1000.000000000000000 ) ;
#2 = AXIS2_PLACEMENT_3D ( 'NONE', #573, #1467, #1186 ) ;
#3 = CARTESIAN_POINT ( 'NONE',  ( -0.9127025654049999437, -4.000007620015000320, -1.000000000000000000 ) ) ;
#4 = VERTEX_POINT ( 'NONE', #819 ) ;
#5 = LINE ( 'NONE', #1004, #604 ) ;
#6 = CARTESIAN_POINT ( 'NONE',  ( -2.491052040399907241, 5.987310134620000390, -1.000000000000000000 ) ) ;
#7 = DIRECTION ( 'NONE',  ( -1.000000000000000000, 0.000000000000000000, 0.000000000000000000 ) ) ;
#8 = ORIENTED_EDGE ( 'NONE', *, *, #1549, .T. ) ;
#9 = EDGE_CURVE ( 'NONE', #1612, #506, #1398, .T. ) ;
#10 = DIRECTION ( 'NONE',  ( 0.000000000000000000, -1.000000000000000000, 0.000000000000000000 ) ) ;
#11 = DIRECTION ( 'NONE',  ( -0.000000000000000000, -0.000000000000000000, 1.000000000000000000 ) ) ;
#12 = ORIENTED_EDGE ( 'NONE', *, *, #361, .T. ) ;
#13 = LINE ( 'NONE', #1165, #318 ) ;
#14 = CARTESIAN_POINT ( 'NONE',  ( -2.692900682484000274, -5.087310134620000035, -1.000000000000000000 ) ) ;
#15 = PLANE ( 'NONE',  #1335 ) ;
#16 = EDGE_CURVE ( 'NONE', #1769, #1264, #680, .T. ) ;
#17 = VECTOR ( 'NONE', #1409, 1000.000000000000114 ) ;
#18 = EDGE_CURVE ( 'NONE', #1795, #339, #1256, .T. ) ;
#19 = CARTESIAN_POINT ( 'NONE',  ( -13.27408366760733927, 5.647529235650649682, -1.000000000000000000 ) ) ;
#20 = AXIS2_PLACEMENT_3D ( 'NONE', #365, #96, #1102 ) ;
#21 = EDGE_LOOP ( 'NONE', ( #893, #782, #36, #8 ) ) ;
#22 = DIRECTION ( 'NONE',  ( 2.668800133221486242E-16, 1.000000000000000000, 0.000000000000000000 ) ) ;
#23 = CARTESIAN_POINT ( 'NONE',  ( -5.307116963617000138, -5.500010214123999042, 0.000000000000000000 ) ) ;
#24 = CARTESIAN_POINT ( 'NONE',  ( 1.111732944043710702, 1.111732944044869331, -1.000000000000000000 ) ) ;
#25 = CARTESIAN_POINT ( 'NONE',  ( -11.92159551694727782, 5.987310134619924007, 1.000000000000000000 ) ) ;
#26 = VERTEX_POINT ( 'NONE', #1115 ) ;
#27 = AXIS2_PLACEMENT_3D ( 'NONE', #681, #1410, #389 ) ;
#28 = CARTESIAN_POINT ( 'NONE',  ( -15.09742951485899987, -5.123210566421000145, 0.000000000000000000 ) ) ;
#29 = ORIENTED_EDGE ( 'NONE', *, *, #499, .F. ) ;
#30 = CARTESIAN_POINT ( 'NONE',  ( -2.692900097091006639, 5.087310134618081570, -1.000000000000000000 ) ) ;
#31 = DIRECTION ( 'NONE',  ( -0.9999999999999225064, -3.937342952379097258E-07, 0.000000000000000000 ) ) ;
#32 = CIRCLE ( 'NONE', #1082, 1.000000000000000000 ) ;
#33 = DIRECTION ( 'NONE',  ( 0.9999999999996499467, -8.366293884894682040E-07, 0.000000000000000000 ) ) ;
#34 = DIRECTION ( 'NONE',  ( -1.000000000000000000, 1.199345540860804771E-13, 0.000000000000000000 ) ) ;
#35 = ORIENTED_EDGE ( 'NONE', *, *, #1192, .T. ) ;
#36 = ORIENTED_EDGE ( 'NONE', *, *, #834, .F. ) ;
#37 = DIRECTION ( 'NONE',  ( -0.000000000000000000, -0.000000000000000000, 1.000000000000000000 ) ) ;
#38 = ORIENTED_EDGE ( 'NONE', *, *, #41, .T. ) ;
#39 = EDGE_CURVE ( 'NONE', #641, #1626, #1690, .T. ) ;
#40 = CARTESIAN_POINT ( 'NONE',  ( 0.000000000000000000, 0.000000000000000000, 0.000000000000000000 ) ) ;
#41 = EDGE_CURVE ( 'NONE', #839, #1660, #786, .T. ) ;
#42 = CARTESIAN_POINT ( 'NONE',  ( -27.75005588011200075, 6.500012700025000534, 1.000000000000000000 ) ) ;
#43 = CARTESIAN_POINT ( 'NONE',  ( -5.307117071428539390, -5.087310134620697255, 0.000000000000000000 ) ) ;
#44 = ORIENTED_EDGE ( 'NONE', *, *, #1162, .F. ) ;
#45 = VERTEX_POINT ( 'NONE', #1127 ) ;
#46 = CARTESIAN_POINT ( 'NONE',  ( -6.821050049449756194E-13, -5.687310134620664037, -1.000000000000000000 ) ) ;
#47 = ORIENTED_EDGE ( 'NONE', *, *, #1122, .T. ) ;
#48 = DIRECTION ( 'NONE',  ( -1.000000000000000000, 0.000000000000000000, 0.000000000000000000 ) ) ;
#49 = PRODUCT_DEFINITION_FORMATION_WITH_SPECIFIED_SOURCE ( 'ä»', '', #62, .NOT_KNOWN. ) ;
#50 = ORIENTED_EDGE ( 'NONE', *, *, #209, .F. ) ;
#51 = EDGE_CURVE ( 'NONE', #1442, #1160, #986, .T. ) ;
#52 = ORIENTED_EDGE ( 'NONE', *, *, #1649, .T. ) ;
#53 = CARTESIAN_POINT ( 'NONE',  ( -11.92159512321299886, -5.087310134620000035, -1.000000000000000000 ) ) ;
#54 = VECTOR ( 'NONE', #546, 1000.000000000000000 ) ;
#55 = VERTEX_POINT ( 'NONE', #551 ) ;
#56 = AXIS2_PLACEMENT_3D ( 'NONE', #1135, #1733, #1578 ) ;
#57 = CARTESIAN_POINT ( 'NONE',  ( -1.012701728775611487, 5.987310134620000390, 1.000000000000000000 ) ) ;
#58 = PRODUCT_DEFINITION_CONTEXT ( 'detailed design', #1715, 'design' ) ;
#59 = CARTESIAN_POINT ( 'NONE',  ( -11.92159511960599971, -7.000017778551000269, -1.000000000000000000 ) ) ;
#60 = ADVANCED_FACE ( 'NONE', ( #708 ), #1168, .T. ) ;
#61 = ORIENTED_EDGE ( 'NONE', *, *, #492, .T. ) ;
#62 = PRODUCT ( '\X2\591658f3\X0\', '\X2\591658f3\X0\', '', ( #713 ) ) ;
#63 = LINE ( 'NONE', #770, #220 ) ;
#64 = EDGE_CURVE ( 'NONE', #606, #1076, #1701, .T. ) ;
#65 = EDGE_LOOP ( 'NONE', ( #480, #216, #794, #675 ) ) ;
#66 = VECTOR ( 'NONE', #884, 1000.000000000000114 ) ;
#67 = DIRECTION ( 'NONE',  ( -0.000000000000000000, 0.000000000000000000, 1.000000000000000000 ) ) ;
#68 = VECTOR ( 'NONE', #37, 1000.000000000000000 ) ;
#69 = ORIENTED_EDGE ( 'NONE', *, *, #1355, .T. ) ;
#70 = EDGE_CURVE ( 'NONE', #196, #566, #164, .T. ) ;
#71 = ADVANCED_BREP_SHAPE_REPRESENTATION ( '', ( #810, #137 ), #1100 ) ;
#72 = DIRECTION ( 'NONE',  ( 0.000000000000000000, 0.000000000000000000, -1.000000000000000000 ) ) ;
#73 = VECTOR ( 'NONE', #101, 1000.000000000000000 ) ;
#74 = VERTEX_POINT ( 'NONE', #6 ) ;
#75 = VECTOR ( 'NONE', #1138, 1000.000000000000000 ) ;
#76 = CARTESIAN_POINT ( 'NONE',  ( -5.508963214762582439, 5.987312659493183808, 1.000000000000000000 ) ) ;
#77 = AXIS2_PLACEMENT_3D ( 'NONE', #1813, #236, #1540 ) ;
#78 = VERTEX_POINT ( 'NONE', #849 ) ;
#79 = ORIENTED_EDGE ( 'NONE', *, *, #492, .F. ) ;
#80 = ORIENTED_EDGE ( 'NONE', *, *, #741, .F. ) ;
#81 = DIRECTION ( 'NONE',  ( -0.000000000000000000, 0.000000000000000000, 1.000000000000000000 ) ) ;
#82 = ORIENTED_EDGE ( 'NONE', *, *, #1652, .F. ) ;
#83 = CIRCLE ( 'NONE', #465, 2.987307593130268835 ) ;
#84 = PLANE ( 'NONE',  #1707 ) ;
#85 = EDGE_CURVE ( 'NONE', #606, #1497, #1444, .T. ) ;
#86 = CARTESIAN_POINT ( 'NONE',  ( 8.098334330703125729E-16, -5.987310134620076774, 1.000000000000000000 ) ) ;
#87 = ORIENTED_EDGE ( 'NONE', *, *, #1549, .F. ) ;
#88 = VECTOR ( 'NONE', #241, 1000.000000000000000 ) ;
#89 = ORIENTED_EDGE ( 'NONE', *, *, #803, .T. ) ;
#90 = DIRECTION ( 'NONE',  ( -0.000000000000000000, 0.000000000000000000, 1.000000000000000000 ) ) ;
#91 = CARTESIAN_POINT ( 'NONE',  ( -5.111741834061978018, 5.111741834058022960, -1.000000000000000000 ) ) ;
#92 = ORIENTED_EDGE ( 'NONE', *, *, #630, .T. ) ;
#93 = FACE_OUTER_BOUND ( 'NONE', #441, .T. ) ;
#94 = ADVANCED_FACE ( 'NONE', ( #155 ), #1598, .T. ) ;
#95 = DIRECTION ( 'NONE',  ( -1.000000000000000000, 0.000000000000000000, 0.000000000000000000 ) ) ;
#96 = DIRECTION ( 'NONE',  ( 0.000000000000000000, 0.000000000000000000, -1.000000000000000000 ) ) ;
#97 = ORIENTED_EDGE ( 'NONE', *, *, #586, .T. ) ;
#98 = EDGE_CURVE ( 'NONE', #196, #736, #1727, .T. ) ;
#99 = EDGE_LOOP ( 'NONE', ( #147, #29, #889, #1045 ) ) ;
#100 = CYLINDRICAL_SURFACE ( 'NONE', #1204, 0.9000025400050012392 ) ;
#101 = DIRECTION ( 'NONE',  ( -1.000000000000000000, 1.054291558431496241E-13, 0.000000000000000000 ) ) ;
#102 = DIRECTION ( 'NONE',  ( -1.000000000000000000, 0.000000000000000000, 0.000000000000000000 ) ) ;
#103 = ORIENTED_EDGE ( 'NONE', *, *, #181, .F. ) ;
#104 = CARTESIAN_POINT ( 'NONE',  ( -0.9127025654049999437, -4.000007620015000320, -1.000000000000000000 ) ) ;
#105 = CARTESIAN_POINT ( 'NONE',  ( -28.83735839471700046, 6.500012700025000534, -1.000000000000000000 ) ) ;
#106 = FACE_OUTER_BOUND ( 'NONE', #1749, .T. ) ;
#107 = CARTESIAN_POINT ( 'NONE',  ( -3.176881112911591032, 3.176881112911018601, 1.000000000000000000 ) ) ;
#108 = VECTOR ( 'NONE', #574, 1000.000000000000000 ) ;
#109 = ORIENTED_EDGE ( 'NONE', *, *, #143, .T. ) ;
#110 = CARTESIAN_POINT ( 'NONE',  ( -3.291830699211594435, 5.515296587295584807, -1.000000000000000000 ) ) ;
#111 = CARTESIAN_POINT ( 'NONE',  ( -6.821050049449756194E-13, -5.687310134620664037, -1.000000000000000000 ) ) ;
#112 = ADVANCED_FACE ( 'NONE', ( #1571 ), #1005, .T. ) ;
#113 = VERTEX_POINT ( 'NONE', #558 ) ;
#114 = DIRECTION ( 'NONE',  ( 0.7071067811862740138, 0.7071067811868211317, 0.000000000000000000 ) ) ;
#115 = CIRCLE ( 'NONE', #748, 1.087302514605269943 ) ;
#116 = CARTESIAN_POINT ( 'NONE',  ( 0.000000000000000000, 8.487315214630537952, 1.000000000000000000 ) ) ;
#117 = CARTESIAN_POINT ( 'NONE',  ( -27.75005588011200075, -6.500012700025000534, 1.000000000000000000 ) ) ;
#118 = EDGE_CURVE ( 'NONE', #607, #1225, #1317, .T. ) ;
#119 = EDGE_LOOP ( 'NONE', ( #613, #1702, #1238, #1778 ) ) ;
#120 = DIRECTION ( 'NONE',  ( -0.000000000000000000, -0.000000000000000000, 1.000000000000000000 ) ) ;
#121 = PLANE ( 'NONE',  #636 ) ;
#122 = EDGE_LOOP ( 'NONE', ( #1401, #306, #1784, #332, #668, #872, #358, #1457, #1819, #469, #109, #1086, #520, #1849, #1117, #1226, #1519, #257 ) ) ;
#123 = EDGE_CURVE ( 'NONE', #74, #1662, #133, .T. ) ;
#124 = DIRECTION ( 'NONE',  ( -0.000000000000000000, -0.000000000000000000, 1.000000000000000000 ) ) ;
#125 = DIRECTION ( 'NONE',  ( 1.000000000000000000, 0.000000000000000000, 0.000000000000000000 ) ) ;
#126 = FACE_OUTER_BOUND ( 'NONE', #1771, .T. ) ;
#127 = VECTOR ( 'NONE', #855, 1000.000000000000000 ) ;
#128 = ORIENTED_EDGE ( 'NONE', *, *, #280, .F. ) ;
#129 = FACE_OUTER_BOUND ( 'NONE', #1516, .T. ) ;
#130 = DIRECTION ( 'NONE',  ( -1.000000000000000000, 0.000000000000000000, 0.000000000000000000 ) ) ;
#131 = EDGE_CURVE ( 'NONE', #1245, #1487, #13, .T. ) ;
#132 = CARTESIAN_POINT ( 'NONE',  ( -3.291830699211594435, 5.515296587295584807, 0.000000000000000000 ) ) ;
#133 = LINE ( 'NONE', #1432, #1371 ) ;
#134 = DIRECTION ( 'NONE',  ( -0.000000000000000000, -0.000000000000000000, 1.000000000000000000 ) ) ;
#135 = DIRECTION ( 'NONE',  ( 1.000000000000000000, 0.000000000000000000, 0.000000000000000000 ) ) ;
#136 = ORIENTED_EDGE ( 'NONE', *, *, #206, .F. ) ;
#137 = AXIS2_PLACEMENT_3D ( 'NONE', #197, #813, #515 ) ;
#138 = LINE ( 'NONE', #1293, #372 ) ;
#139 = ORIENTED_EDGE ( 'NONE', *, *, #85, .T. ) ;
#140 = CARTESIAN_POINT ( 'NONE',  ( -27.75005588011200075, 6.500012700025000534, -1.000000000000000000 ) ) ;
#141 = CARTESIAN_POINT ( 'NONE',  ( -1.012702565404999921, -5.987310134620076774, 1.000000000000000000 ) ) ;
#142 = VECTOR ( 'NONE', #852, 1000.000000000000000 ) ;
#143 = EDGE_CURVE ( 'NONE', #505, #78, #273, .T. ) ;
#144 = DIRECTION ( 'NONE',  ( -1.000000000000000000, 1.054291558431496241E-13, 0.000000000000000000 ) ) ;
#145 = CIRCLE ( 'NONE', #1202, 1.087302514605000159 ) ;
#146 = CARTESIAN_POINT ( 'NONE',  ( -11.92159512142088751, -5.987310134620078550, 1.000000000000000000 ) ) ;
#147 = ORIENTED_EDGE ( 'NONE', *, *, #157, .F. ) ;
#148 = AXIS2_PLACEMENT_3D ( 'NONE', #411, #999, #988 ) ;
#149 = LINE ( 'NONE', #1470, #160 ) ;
#150 = CARTESIAN_POINT ( 'NONE',  ( -2.000005080009999769, -5.087310134620000035, -1.000000000000000000 ) ) ;
#151 = ORIENTED_EDGE ( 'NONE', *, *, #1625, .F. ) ;
#152 = DIRECTION ( 'NONE',  ( 0.7071067811865852093, -0.7071067811865098252, 0.000000000000000000 ) ) ;
#153 = ADVANCED_FACE ( 'NONE', ( #862 ), #873, .F. ) ;
#154 = DIRECTION ( 'NONE',  ( 1.000000000000000000, -2.668800133221486242E-16, 0.000000000000000000 ) ) ;
#155 = FACE_OUTER_BOUND ( 'NONE', #1861, .T. ) ;
#156 = DIRECTION ( 'NONE',  ( 0.000000000000000000, 0.000000000000000000, -1.000000000000000000 ) ) ;
#157 = EDGE_CURVE ( 'NONE', #1763, #1367, #1145, .T. ) ;
#158 = EDGE_LOOP ( 'NONE', ( #742, #513, #502, #247, #490, #173, #1028, #1536, #1006, #769, #97, #1635, #691, #1393, #646, #1343, #977, #909, #225, #1302, #324, #1199, #1188, #964, #628, #712, #608, #767, #1064, #82, #1144, #1251 ) ) ;
#159 = DIRECTION ( 'NONE',  ( -0.000000000000000000, -0.000000000000000000, 1.000000000000000000 ) ) ;
#160 = VECTOR ( 'NONE', #179, 1000.000000000000000 ) ;
#161 = EDGE_LOOP ( 'NONE', ( #378, #652, #1326, #1510 ) ) ;
#162 = DIRECTION ( 'NONE',  ( 0.7071067811869159447, -0.7071067811861789787, 0.000000000000000000 ) ) ;
#163 = LINE ( 'NONE', #1166, #66 ) ;
#164 = LINE ( 'NONE', #747, #75 ) ;
#165 = CARTESIAN_POINT ( 'NONE',  ( 5.009157873013454493E-06, 5.987308050528466374, -1.000000000000000000 ) ) ;
#166 = AXIS2_PLACEMENT_3D ( 'NONE', #1847, #90, #1270 ) ;
#167 = VECTOR ( 'NONE', #1268, 1000.000000000000114 ) ;
#168 = DIRECTION ( 'NONE',  ( -1.000000000000000000, 0.000000000000000000, 0.000000000000000000 ) ) ;
#169 = ORIENTED_EDGE ( 'NONE', *, *, #1657, .F. ) ;
#170 = ADVANCED_FACE ( 'NONE', ( #1284 ), #1852, .F. ) ;
#171 = LINE ( 'NONE', #1008, #542 ) ;
#172 = VECTOR ( 'NONE', #1667, 1000.000000000000000 ) ;
#173 = ORIENTED_EDGE ( 'NONE', *, *, #1686, .F. ) ;
#174 = DIRECTION ( 'NONE',  ( -0.000000000000000000, -0.000000000000000000, 1.000000000000000000 ) ) ;
#175 = CARTESIAN_POINT ( 'NONE',  ( -15.09742951485899987, -5.123210566421000145, -2.000000000000000000 ) ) ;
#176 = CARTESIAN_POINT ( 'NONE',  ( -27.75005588011200075, 6.500012700025000534, -1.000000000000000000 ) ) ;
#177 = ORIENTED_EDGE ( 'NONE', *, *, #1265, .T. ) ;
#178 = ADVANCED_FACE ( 'NONE', ( #1862 ), #1724, .F. ) ;
#179 = DIRECTION ( 'NONE',  ( -0.000000000000000000, -0.000000000000000000, -1.000000000000000000 ) ) ;
#180 = ORIENTED_EDGE ( 'NONE', *, *, #1491, .T. ) ;
#181 = EDGE_CURVE ( 'NONE', #857, #1247, #591, .T. ) ;
#182 = AXIS2_PLACEMENT_3D ( 'NONE', #979, #1262, #544 ) ;
#183 = DIRECTION ( 'NONE',  ( 2.668800133221486242E-16, 1.000000000000000000, 0.000000000000000000 ) ) ;
#184 = VECTOR ( 'NONE', #1234, 1000.000000000000000 ) ;
#185 = DIRECTION ( 'NONE',  ( 0.000000000000000000, 0.000000000000000000, -1.000000000000000000 ) ) ;
#186 = PRODUCT_RELATED_PRODUCT_CATEGORY ( 'part', '', ( #917 ) ) ;
#187 = DIRECTION ( 'NONE',  ( -1.000000000000000000, -1.352583071298845202E-16, 0.000000000000000000 ) ) ;
#188 = ORIENTED_EDGE ( 'NONE', *, *, #1822, .T. ) ;
#189 = CARTESIAN_POINT ( 'NONE',  ( -0.01270256540500001516, 0.000000000000000000, 1.000000000000000000 ) ) ;
#190 = ORIENTED_EDGE ( 'NONE', *, *, #1485, .F. ) ;
#191 = PLANE ( 'NONE',  #659 ) ;
#192 = ORIENTED_EDGE ( 'NONE', *, *, #1860, .F. ) ;
#193 = ORIENTED_EDGE ( 'NONE', *, *, #1018, .T. ) ;
#194 = LINE ( 'NONE', #479, #1281 ) ;
#195 = PRODUCT_DEFINITION_SHAPE ( 'NONE', 'NONE',  #1079 ) ;
#196 = VERTEX_POINT ( 'NONE', #1003 ) ;
#197 = CARTESIAN_POINT ( 'NONE',  ( 0.000000000000000000, 0.000000000000000000, 0.000000000000000000 ) ) ;
#198 = AXIS2_PLACEMENT_3D ( 'NONE', #40, #1718, #1263 ) ;
#199 = DIRECTION ( 'NONE',  ( -0.7071067811868431141, -0.7071067811862519203, 0.000000000000000000 ) ) ;
#200 = VERTEX_POINT ( 'NONE', #1750 ) ;
#201 = EDGE_CURVE ( 'NONE', #1577, #1245, #863, .T. ) ;
#202 = ORIENTED_EDGE ( 'NONE', *, *, #1134, .T. ) ;
#203 = CARTESIAN_POINT ( 'NONE',  ( -16.07846075515162454, 8.487315214630537952, 1.000000000000000000 ) ) ;
#204 = AXIS2_PLACEMENT_3D ( 'NONE', #23, #1464, #1475 ) ;
#205 = VERTEX_POINT ( 'NONE', #1742 ) ;
#206 = EDGE_CURVE ( 'NONE', #113, #1814, #1307, .T. ) ;
#207 = FILL_AREA_STYLE ('',( #214 ) ) ;
#208 = ORIENTED_EDGE ( 'NONE', *, *, #118, .T. ) ;
#209 = EDGE_CURVE ( 'NONE', #1795, #1245, #854, .T. ) ;
#210 = VERTEX_POINT ( 'NONE', #718 ) ;
#211 = CARTESIAN_POINT ( 'NONE',  ( 0.000000000000000000, 5.987310134620000390, 1.000000000000000000 ) ) ;
#212 = ORIENTED_EDGE ( 'NONE', *, *, #1259, .T. ) ;
#213 = VECTOR ( 'NONE', #727, 1000.000000000000000 ) ;
#214 = FILL_AREA_STYLE_COLOUR ( '', #1384 ) ;
#215 = VECTOR ( 'NONE', #1463, 1000.000000000000000 ) ;
#216 = ORIENTED_EDGE ( 'NONE', *, *, #1063, .T. ) ;
#217 = ORIENTED_EDGE ( 'NONE', *, *, #930, .F. ) ;
#218 = ORIENTED_EDGE ( 'NONE', *, *, #1699, .F. ) ;
#219 = LINE ( 'NONE', #489, #457 ) ;
#220 = VECTOR ( 'NONE', #928, 1000.000000000000000 ) ;
#221 = ORIENTED_EDGE ( 'NONE', *, *, #206, .T. ) ;
#222 = FACE_OUTER_BOUND ( 'NONE', #122, .T. ) ;
#223 = FACE_OUTER_BOUND ( 'NONE', #462, .T. ) ;
#224 = AXIS2_PLACEMENT_3D ( 'NONE', #617, #764, #913 ) ;
#225 = ORIENTED_EDGE ( 'NONE', *, *, #64, .F. ) ;
#226 = APPLICATION_CONTEXT ( 'automotive_design' ) ;
#227 = VECTOR ( 'NONE', #726, 1000.000000000000000 ) ;
#228 = DIRECTION ( 'NONE',  ( 1.000000000000000000, 0.000000000000000000, 0.000000000000000000 ) ) ;
#229 = DIRECTION ( 'NONE',  ( 0.000000000000000000, 1.000000000000000000, 0.000000000000000000 ) ) ;
#230 = EDGE_CURVE ( 'NONE', #1509, #1334, #145, .T. ) ;
#231 = ORIENTED_EDGE ( 'NONE', *, *, #760, .T. ) ;
#232 = CARTESIAN_POINT ( 'NONE',  ( -16.07846075676476261, -7.587315214630807603, -1.000000000000000000 ) ) ;
#233 = EDGE_CURVE ( 'NONE', #1349, #1528, #443, .T. ) ;
#234 = AXIS2_PLACEMENT_3D ( 'NONE', #1688, #387, #1427 ) ;
#235 = CARTESIAN_POINT ( 'NONE',  ( -13.96611530139418456, 7.612353075574281647, 1.000000000000000000 ) ) ;
#236 = DIRECTION ( 'NONE',  ( -0.7071067811868296804, 0.7071067811862653540, 0.000000000000000000 ) ) ;
#237 = ORIENTED_EDGE ( 'NONE', *, *, #336, .F. ) ;
#238 = VECTOR ( 'NONE', #1249, 1000.000000000000000 ) ;
#239 = ORIENTED_EDGE ( 'NONE', *, *, #201, .T. ) ;
#240 = DIRECTION ( 'NONE',  ( -0.000000000000000000, -0.000000000000000000, 1.000000000000000000 ) ) ;
#241 = DIRECTION ( 'NONE',  ( -0.000000000000000000, -0.000000000000000000, 1.000000000000000000 ) ) ;
#242 = ORIENTED_EDGE ( 'NONE', *, *, #840, .T. ) ;
#243 = CARTESIAN_POINT ( 'NONE',  ( -2.984723793756369314, 5.208189681840679874, 0.000000000000000000 ) ) ;
#244 = FACE_OUTER_BOUND ( 'NONE', #1785, .T. ) ;
#245 = ADVANCED_FACE ( 'NONE', ( #1012 ), #1585, .T. ) ;
#246 = CARTESIAN_POINT ( 'NONE',  ( -4.292903229123999687, -5.687310134620148894, -1.000000000000000000 ) ) ;
#247 = ORIENTED_EDGE ( 'NONE', *, *, #18, .F. ) ;
#248 = DIRECTION ( 'NONE',  ( 0.000000000000000000, -0.000000000000000000, -1.000000000000000000 ) ) ;
#249 = CIRCLE ( 'NONE', #1695, 2.087307593130943495 ) ;
#250 = ORIENTED_EDGE ( 'NONE', *, *, #1492, .T. ) ;
#251 = CARTESIAN_POINT ( 'NONE',  ( -2.000005080009999769, -4.000007620015000320, -1.000000000000000000 ) ) ;
#252 = CARTESIAN_POINT ( 'NONE',  ( -16.07846075515162454, 8.487315214630807958, -1.000000000000000000 ) ) ;
#253 = VERTEX_POINT ( 'NONE', #1417 ) ;
#254 = LINE ( 'NONE', #232, #1564 ) ;
#255 = EDGE_CURVE ( 'NONE', #522, #1487, #780, .T. ) ;
#256 = CARTESIAN_POINT ( 'NONE',  ( -13.96611530012754088, -7.612353074306875023, 1.000000000000000000 ) ) ;
#257 = ORIENTED_EDGE ( 'NONE', *, *, #696, .T. ) ;
#258 = AXIS2_PLACEMENT_3D ( 'NONE', #946, #1099, #1252 ) ;
#259 = EDGE_CURVE ( 'NONE', #1500, #916, #453, .T. ) ;
#260 = ORIENTED_EDGE ( 'NONE', *, *, #702, .T. ) ;
#261 = DIRECTION ( 'NONE',  ( -0.7071067811865098252, -0.7071067811865852093, 0.000000000000000000 ) ) ;
#262 = CARTESIAN_POINT ( 'NONE',  ( -3.707114423611999943, -5.100010105917000658, -1.000000000000000000 ) ) ;
#263 = EDGE_LOOP ( 'NONE', ( #757, #869, #169, #787 ) ) ;
#264 = DIRECTION ( 'NONE',  ( 0.000000000000000000, 0.000000000000000000, -1.000000000000000000 ) ) ;
#265 = CIRCLE ( 'NONE', #1834, 0.9000025400050012392 ) ;
#266 = CARTESIAN_POINT ( 'NONE',  ( -29.73735839471699904, 6.500012700025000534, 1.000000000000000000 ) ) ;
#267 = EDGE_CURVE ( 'NONE', #26, #1377, #1759, .T. ) ;
#268 = VERTEX_POINT ( 'NONE', #1041 ) ;
#269 = CARTESIAN_POINT ( 'NONE',  ( -11.92159511960599971, -7.000017778551000269, -1.000000000000000000 ) ) ;
#270 = CARTESIAN_POINT ( 'NONE',  ( -5.508963214762582439, 5.987312659493183808, 1.000000000000000000 ) ) ;
#271 = CIRCLE ( 'NONE', #1149, 0.5873000287038931955 ) ;
#272 = CYLINDRICAL_SURFACE ( 'NONE', #346, 0.4127024029201855071 ) ;
#273 = LINE ( 'NONE', #1174, #553 ) ;
#274 = DIRECTION ( 'NONE',  ( -0.000000000000000000, -0.000000000000000000, 1.000000000000000000 ) ) ;
#275 = CARTESIAN_POINT ( 'NONE',  ( -2.692900816417999721, -5.500010214123999042, -1.000000000000000000 ) ) ;
#276 = CYLINDRICAL_SURFACE ( 'NONE', #1719, 1.087302514605000159 ) ;
#277 = CARTESIAN_POINT ( 'NONE',  ( -2.692900097091006639, 5.087310134618081570, -1.000000000000000000 ) ) ;
#278 = LINE ( 'NONE', #1416, #142 ) ;
#279 = EDGE_LOOP ( 'NONE', ( #494, #1621, #1490, #1556, #1016, #744, #1312, #1212, #1541, #393, #61, #38, #1306, #188, #1840, #478, #1364, #622 ) ) ;
#280 = EDGE_CURVE ( 'NONE', #616, #522, #745, .T. ) ;
#281 = CARTESIAN_POINT ( 'NONE',  ( -28.83735839471700046, -6.500012700025000534, -1.000000000000000000 ) ) ;
#282 = LINE ( 'NONE', #739, #127 ) ;
#283 = DIRECTION ( 'NONE',  ( 1.000000000000000000, 0.000000000000000000, 0.000000000000000000 ) ) ;
#284 = DIRECTION ( 'NONE',  ( 0.000000000000000000, 0.000000000000000000, -1.000000000000000000 ) ) ;
#285 = ORIENTED_EDGE ( 'NONE', *, *, #374, .T. ) ;
#286 = EDGE_CURVE ( 'NONE', #1225, #200, #601, .T. ) ;
#287 = CARTESIAN_POINT ( 'NONE',  ( -13.27408366748070812, -5.647529235523855107, 0.000000000000000000 ) ) ;
#288 = ORIENTED_EDGE ( 'NONE', *, *, #432, .T. ) ;
#289 = CARTESIAN_POINT ( 'NONE',  ( -27.75005588011200075, -6.500012700025000534, 1.000000000000000000 ) ) ;
#290 = EDGE_CURVE ( 'NONE', #1494, #570, #1038, .T. ) ;
#291 = CARTESIAN_POINT ( 'NONE',  ( -2.000005080009999769, 5.087310134620075530, -1.000000000000000000 ) ) ;
#292 = AXIS2_PLACEMENT_3D ( 'NONE', #654, #1841, #373 ) ;
#293 = LINE ( 'NONE', #603, #1567 ) ;
#294 = ORIENTED_EDGE ( 'NONE', *, *, #39, .T. ) ;
#295 = DIRECTION ( 'NONE',  ( 0.7071067811865852093, -0.7071067811865098252, 0.000000000000000000 ) ) ;
#296 = ORIENTED_EDGE ( 'NONE', *, *, #1636, .F. ) ;
#297 = DIRECTION ( 'NONE',  ( -0.000000000000000000, -0.000000000000000000, -1.000000000000000000 ) ) ;
#298 = DIRECTION ( 'NONE',  ( -0.000000000000000000, -0.000000000000000000, -1.000000000000000000 ) ) ;
#299 = LINE ( 'NONE', #1735, #1054 ) ;
#300 = EDGE_CURVE ( 'NONE', #1500, #1039, #598, .T. ) ;
#301 = VECTOR ( 'NONE', #1725, 1000.000000000000000 ) ;
#302 = PLANE ( 'NONE',  #919 ) ;
#303 = ORIENTED_EDGE ( 'NONE', *, *, #1250, .T. ) ;
#304 = DIRECTION ( 'NONE',  ( -1.000000000000000000, 0.000000000000000000, 0.000000000000000000 ) ) ;
#305 = AXIS2_PLACEMENT_3D ( 'NONE', #1756, #1304, #903 ) ;
#306 = ORIENTED_EDGE ( 'NONE', *, *, #1699, .T. ) ;
#307 = DIRECTION ( 'NONE',  ( -1.000000000000000000, 0.000000000000000000, 0.000000000000000000 ) ) ;
#308 = LINE ( 'NONE', #1340, #1757 ) ;
#309 = EDGE_CURVE ( 'NONE', #694, #916, #1170, .T. ) ;
#310 = DIRECTION ( 'NONE',  ( -1.000000000000000000, 0.000000000000000000, 0.000000000000000000 ) ) ;
#311 = CIRCLE ( 'NONE', #564, 1.912707643930864787 ) ;
#312 = VECTOR ( 'NONE', #1148, 1000.000000000000000 ) ;
#313 = CARTESIAN_POINT ( 'NONE',  ( -2.692900682484000274, -5.087310134620000035, -1.000000000000000000 ) ) ;
#314 = ORIENTED_EDGE ( 'NONE', *, *, #1301, .F. ) ;
#315 = ADVANCED_FACE ( 'NONE', ( #734 ), #567, .T. ) ;
#316 = LINE ( 'NONE', #870, #68 ) ;
#317 = ORIENTED_EDGE ( 'NONE', *, *, #1072, .T. ) ;
#318 = VECTOR ( 'NONE', #162, 1000.000000000000114 ) ;
#319 = PRODUCT_DEFINITION ( 'æœ', '', #49, #58 ) ;
#320 = DIRECTION ( 'NONE',  ( 0.000000000000000000, -1.000000000000000000, 0.000000000000000000 ) ) ;
#321 = CARTESIAN_POINT ( 'NONE',  ( -11.92159512142088751, -5.987310134620078550, -1.000000000000000000 ) ) ;
#322 = EDGE_CURVE ( 'NONE', #1160, #638, #1017, .T. ) ;
#323 = DIRECTION ( 'NONE',  ( -1.352583071298845202E-16, 1.000000000000000000, 0.000000000000000000 ) ) ;
#324 = ORIENTED_EDGE ( 'NONE', *, *, #1207, .T. ) ;
#325 = APPLICATION_CONTEXT ( 'automotive_design' ) ;
#326 = AXIS2_PLACEMENT_3D ( 'NONE', #692, #953, #1279 ) ;
#327 = ORIENTED_EDGE ( 'NONE', *, *, #1766, .F. ) ;
#328 = DIRECTION ( 'NONE',  ( 0.000000000000000000, 0.000000000000000000, 1.000000000000000000 ) ) ;
#329 = VECTOR ( 'NONE', #144, 1000.000000000000000 ) ;
#330 = CIRCLE ( 'NONE', #1809, 1.087302514605037906 ) ;
#331 = CARTESIAN_POINT ( 'NONE',  ( -2.000005080009999769, -4.000007620015000320, 0.000000000000000000 ) ) ;
#332 = ORIENTED_EDGE ( 'NONE', *, *, #1517, .T. ) ;
#333 = EDGE_LOOP ( 'NONE', ( #1336, #424, #1513, #1798 ) ) ;
#334 = FACE_OUTER_BOUND ( 'NONE', #1502, .T. ) ;
#335 = EDGE_LOOP ( 'NONE', ( #1084, #779, #1684, #52 ) ) ;
#336 = EDGE_CURVE ( 'NONE', #1387, #641, #316, .T. ) ;
#337 = ORIENTED_EDGE ( 'NONE', *, *, #446, .T. ) ;
#338 = DIRECTION ( 'NONE',  ( -1.000000000000000000, 0.000000000000000000, 0.000000000000000000 ) ) ;
#339 = VERTEX_POINT ( 'NONE', #1730 ) ;
#340 = EDGE_CURVE ( 'NONE', #1641, #196, #633, .T. ) ;
#341 = CIRCLE ( 'NONE', #585, 1.000000000000000000 ) ;
#342 = EDGE_CURVE ( 'NONE', #1497, #1803, #249, .T. ) ;
#343 = EDGE_LOOP ( 'NONE', ( #1845, #1781, #809, #635 ) ) ;
#344 = ORIENTED_EDGE ( 'NONE', *, *, #422, .F. ) ;
#345 = DIRECTION ( 'NONE',  ( -1.000000000000000000, 1.199345540860804771E-13, 0.000000000000000000 ) ) ;
#346 = AXIS2_PLACEMENT_3D ( 'NONE', #1171, #1001, #1153 ) ;
#347 = EDGE_LOOP ( 'NONE', ( #1479, #430, #806, #1495 ) ) ;
#348 = CARTESIAN_POINT ( 'NONE',  ( -2.000005080009999769, 4.000007620015000320, -1.000000000000000000 ) ) ;
#349 = ORIENTED_EDGE ( 'NONE', *, *, #51, .F. ) ;
#350 = EDGE_LOOP ( 'NONE', ( #950, #1630 ) ) ;
#351 = DIRECTION ( 'NONE',  ( 1.199345540860804771E-13, 1.000000000000000000, 0.000000000000000000 ) ) ;
#352 = ORIENTED_EDGE ( 'NONE', *, *, #900, .F. ) ;
#353 = AXIS2_PLACEMENT_3D ( 'NONE', #1267, #1277, #1843 ) ;
#354 = CARTESIAN_POINT ( 'NONE',  ( -15.99743205486400122, -5.123210566421000145, 0.000000000000000000 ) ) ;
#355 = FACE_OUTER_BOUND ( 'NONE', #1415, .T. ) ;
#356 = ADVANCED_FACE ( 'NONE', ( #880 ), #1623, .F. ) ;
#357 = ORIENTED_EDGE ( 'NONE', *, *, #1011, .T. ) ;
#358 = ORIENTED_EDGE ( 'NONE', *, *, #1175, .T. ) ;
#359 = ORIENTED_EDGE ( 'NONE', *, *, #1512, .T. ) ;
#360 = DIRECTION ( 'NONE',  ( 0.000000000000000000, 0.000000000000000000, -1.000000000000000000 ) ) ;
#361 = EDGE_CURVE ( 'NONE', #1420, #570, #171, .T. ) ;
#362 = VERTEX_POINT ( 'NONE', #1582 ) ;
#363 = DIRECTION ( 'NONE',  ( -0.000000000000000000, -0.000000000000000000, 1.000000000000000000 ) ) ;
#364 = DIRECTION ( 'NONE',  ( -1.000000000000000000, 0.000000000000000000, 0.000000000000000000 ) ) ;
#365 = CARTESIAN_POINT ( 'NONE',  ( -27.75005588011200075, -6.500012700025000534, 0.000000000000000000 ) ) ;
#366 = ORIENTED_EDGE ( 'NONE', *, *, #1686, .T. ) ;
#367 = CARTESIAN_POINT ( 'NONE',  ( -16.07846075694400056, 7.587315214630002025, 0.000000000000000000 ) ) ;
#368 = LINE ( 'NONE', #1717, #73 ) ;
#369 = CARTESIAN_POINT ( 'NONE',  ( -16.07846076050600104, -5.500007621499999111, 1.000000000000000000 ) ) ;
#370 = ORIENTED_EDGE ( 'NONE', *, *, #340, .F. ) ;
#371 = CIRCLE ( 'NONE', #1200, 0.5873000287032140720 ) ;
#372 = VECTOR ( 'NONE', #429, 1000.000000000000114 ) ;
#373 = DIRECTION ( 'NONE',  ( -1.000000000000000000, 0.000000000000000000, 0.000000000000000000 ) ) ;
#374 = EDGE_CURVE ( 'NONE', #416, #524, #149, .T. ) ;
#375 = VECTOR ( 'NONE', #1838, 1000.000000000000000 ) ;
#376 = DIRECTION ( 'NONE',  ( 1.000000000000000000, 0.000000000000000000, 0.000000000000000000 ) ) ;
#377 = PLANE ( 'NONE',  #77 ) ;
#378 = ORIENTED_EDGE ( 'NONE', *, *, #612, .T. ) ;
#379 = VERTEX_POINT ( 'NONE', #1640 ) ;
#380 = DIRECTION ( 'NONE',  ( -0.000000000000000000, -0.000000000000000000, 1.000000000000000000 ) ) ;
#381 = CARTESIAN_POINT ( 'NONE',  ( -0.9127025654049999437, -4.000007620015000320, 0.000000000000000000 ) ) ;
#382 = ORIENTED_EDGE ( 'NONE', *, *, #1458, .F. ) ;
#383 = ADVANCED_FACE ( 'NONE', ( #1646 ), #639, .F. ) ;
#384 = DIRECTION ( 'NONE',  ( 1.000000000000000000, 2.877874117259257654E-12, 0.000000000000000000 ) ) ;
#385 = EDGE_CURVE ( 'NONE', #1205, #910, #1634, .T. ) ;
#386 = CARTESIAN_POINT ( 'NONE',  ( -16.07846076050600104, -5.500007621499999111, -1.000000000000000000 ) ) ;
#387 = DIRECTION ( 'NONE',  ( -0.000000000000000000, -0.000000000000000000, 1.000000000000000000 ) ) ;
#388 = ORIENTED_EDGE ( 'NONE', *, *, #956, .F. ) ;
#389 = DIRECTION ( 'NONE',  ( -1.000000000000000000, 2.303730860562046107E-14, 0.000000000000000000 ) ) ;
#390 = VECTOR ( 'NONE', #451, 1000.000000000000000 ) ;
#391 = CARTESIAN_POINT ( 'NONE',  ( -16.07846075676476261, -7.587315214630807603, 0.000000000000000000 ) ) ;
#392 = DIRECTION ( 'NONE',  ( 0.000000000000000000, 0.000000000000000000, -1.000000000000000000 ) ) ;
#393 = ORIENTED_EDGE ( 'NONE', *, *, #678, .T. ) ;
#394 = CARTESIAN_POINT ( 'NONE',  ( -14.19742697485399852, -5.123210566421000145, -2.000000000000000000 ) ) ;
#395 = AXIS2_PLACEMENT_3D ( 'NONE', #1807, #360, #1361 ) ;
#396 = ADVANCED_FACE ( 'NONE', ( #495 ), #1087, .T. ) ;
#397 = DIRECTION ( 'NONE',  ( -1.000000000000000000, 0.000000000000000000, 0.000000000000000000 ) ) ;
#398 = EDGE_LOOP ( 'NONE', ( #1260, #467, #1215, #800 ) ) ;
#399 = CIRCLE ( 'NONE', #643, 0.4127024029201855071 ) ;
#400 = VERTEX_POINT ( 'NONE', #1198 ) ;
#401 = DIRECTION ( 'NONE',  ( -1.000000000000000000, 0.000000000000000000, 0.000000000000000000 ) ) ;
#402 = FACE_OUTER_BOUND ( 'NONE', #1372, .T. ) ;
#403 = APPLICATION_PROTOCOL_DEFINITION ( 'draft international standard', 'automotive_design', 1998, #226 ) ;
#404 = ORIENTED_EDGE ( 'NONE', *, *, #1122, .F. ) ;
#405 = CARTESIAN_POINT ( 'NONE',  ( 8.098334330703125729E-16, -5.987310134620076774, -1.000000000000000000 ) ) ;
#406 = AXIS2_PLACEMENT_3D ( 'NONE', #666, #1835, #1126 ) ;
#407 = DIRECTION ( 'NONE',  ( 0.000000000000000000, 0.000000000000000000, -1.000000000000000000 ) ) ;
#408 = CIRCLE ( 'NONE', #292, 0.4127000830207302462 ) ;
#409 = CARTESIAN_POINT ( 'NONE',  ( -27.75005588011200075, -6.500012700025000534, -1.000000000000000000 ) ) ;
#410 = AXIS2_PLACEMENT_3D ( 'NONE', #262, #609, #1768 ) ;
#411 = CARTESIAN_POINT ( 'NONE',  ( 1.261450966681366144E-15, -8.487315214629997939, 1.000000000000000000 ) ) ;
#412 = CARTESIAN_POINT ( 'NONE',  ( -11.92159511960599971, 7.000017778551000269, -1.000000000000000000 ) ) ;
#413 = ITEM_DEFINED_TRANSFORMATION ( 'NONE', 'NONE', #461,  #137 ) ;
#414 = CIRCLE ( 'NONE', #1524, 1.087302514605000159 ) ;
#415 = DIRECTION ( 'NONE',  ( -1.000000000000000000, 0.000000000000000000, 0.000000000000000000 ) ) ;
#416 = VERTEX_POINT ( 'NONE', #203 ) ;
#417 = DIRECTION ( 'NONE',  ( -0.000000000000000000, -0.000000000000000000, 1.000000000000000000 ) ) ;
#418 = CARTESIAN_POINT ( 'NONE',  ( -0.9127025654049999437, 0.000000000000000000, -1.000000000000000000 ) ) ;
#419 = EDGE_CURVE ( 'NONE', #1347, #1577, #1348, .T. ) ;
#420 = ORIENTED_EDGE ( 'NONE', *, *, #374, .F. ) ;
#421 = DIRECTION ( 'NONE',  ( -1.000000000000000000, 0.000000000000000000, 0.000000000000000000 ) ) ;
#422 = EDGE_CURVE ( 'NONE', #268, #736, #1654, .T. ) ;
#423 = FACE_OUTER_BOUND ( 'NONE', #263, .T. ) ;
#424 = ORIENTED_EDGE ( 'NONE', *, *, #1259, .F. ) ;
#425 = DIRECTION ( 'NONE',  ( -1.000000000000000000, 0.000000000000000000, 0.000000000000000000 ) ) ;
#426 = CARTESIAN_POINT ( 'NONE',  ( -2.357411184390742219E-06, 5.987314828560004187, 1.000000000000000000 ) ) ;
#427 = FACE_OUTER_BOUND ( 'NONE', #1469, .T. ) ;
#428 = ORIENTED_EDGE ( 'NONE', *, *, #539, .T. ) ;
#429 = DIRECTION ( 'NONE',  ( -0.9999999999996499467, 8.366293884894682040E-07, 0.000000000000000000 ) ) ;
#430 = ORIENTED_EDGE ( 'NONE', *, *, #1649, .F. ) ;
#431 = CARTESIAN_POINT ( 'NONE',  ( -3.291830699211594435, 5.515296587295584807, -1.000000000000000000 ) ) ;
#432 = EDGE_CURVE ( 'NONE', #1488, #661, #1220, .T. ) ;
#433 = DIRECTION ( 'NONE',  ( -0.000000000000000000, -0.000000000000000000, -1.000000000000000000 ) ) ;
#434 = CARTESIAN_POINT ( 'NONE',  ( -27.75005588011200075, 6.500012700025000534, 1.000000000000000000 ) ) ;
#435 = VECTOR ( 'NONE', #1825, 1000.000000000000000 ) ;
#436 = DIRECTION ( 'NONE',  ( -1.000000000000000000, 0.000000000000000000, 0.000000000000000000 ) ) ;
#437 = CARTESIAN_POINT ( 'NONE',  ( -16.07846076050600104, 5.500007621499999111, -1.000000000000000000 ) ) ;
#438 = VERTEX_POINT ( 'NONE', #1772 ) ;
#439 = DIRECTION ( 'NONE',  ( 0.000000000000000000, 0.000000000000000000, -1.000000000000000000 ) ) ;
#440 = LINE ( 'NONE', #1282, #1258 ) ;
#441 = EDGE_LOOP ( 'NONE', ( #359, #202, #704, #934, #1553, #1354, #260, #1077, #557, #853, #294, #937, #497, #814, #969, #1832, #1764, #1531, #756, #1191, #317, #1639, #941, #835, #1121, #925, #942, #1775, #1706, #239, #940, #632 ) ) ;
#442 = EDGE_CURVE ( 'NONE', #493, #362, #63, .T. ) ;
#443 = LINE ( 'NONE', #1275, #1440 ) ;
#444 = FACE_OUTER_BOUND ( 'NONE', #1026, .T. ) ;
#445 = UNCERTAINTY_MEASURE_WITH_UNIT (LENGTH_MEASURE( 1.000000000000000082E-05 ), #1829, 'distance_accuracy_value', 'NONE');
#446 = EDGE_CURVE ( 'NONE', #1500, #1419, #1515, .T. ) ;
#447 = CARTESIAN_POINT ( 'NONE',  ( -1.998224325860156691E-06, 5.087314817250981669, -1.000000000000000000 ) ) ;
#448 = AXIS2_PLACEMENT_3D ( 'NONE', #550, #1136, #1426 ) ;
#449 = FACE_OUTER_BOUND ( 'NONE', #1522, .T. ) ;
#450 = ORIENTED_EDGE ( 'NONE', *, *, #1297, .F. ) ;
#451 = DIRECTION ( 'NONE',  ( -0.000000000000000000, -0.000000000000000000, 1.000000000000000000 ) ) ;
#452 = ORIENTED_EDGE ( 'NONE', *, *, #644, .T. ) ;
#453 = LINE ( 'NONE', #882, #215 ) ;
#454 = ADVANCED_FACE ( 'NONE', ( #777 ), #1520, .T. ) ;
#455 = CARTESIAN_POINT ( 'NONE',  ( -0.9127025654049999437, 4.000007620015000320, -0.000000000000000000 ) ) ;
#456 = DIRECTION ( 'NONE',  ( -0.000000000000000000, -0.000000000000000000, 1.000000000000000000 ) ) ;
#457 = VECTOR ( 'NONE', #623, 1000.000000000000000 ) ;
#458 = CARTESIAN_POINT ( 'NONE',  ( 8.098334330703125729E-16, -5.987310134620076774, 1.000000000000000000 ) ) ;
#459 = ORIENTED_EDGE ( 'NONE', *, *, #956, .T. ) ;
#460 = ORIENTED_EDGE ( 'NONE', *, *, #1036, .T. ) ;
#461 = AXIS2_PLACEMENT_3D ( 'NONE', #1050, #1392, #102 ) ;
#462 = EDGE_LOOP ( 'NONE', ( #1647, #1080, #1622, #1794 ) ) ;
#463 = CARTESIAN_POINT ( 'NONE',  ( 0.000000000000000000, 0.000000000000000000, 0.000000000000000000 ) ) ;
#464 = LINE ( 'NONE', #755, #1476 ) ;
#465 = AXIS2_PLACEMENT_3D ( 'NONE', #386, #1821, #95 ) ;
#466 = CIRCLE ( 'NONE', #1405, 1.912707643930981138 ) ;
#467 = ORIENTED_EDGE ( 'NONE', *, *, #1125, .F. ) ;
#468 = CIRCLE ( 'NONE', #326, 1.987302514605004289 ) ;
#469 = ORIENTED_EDGE ( 'NONE', *, *, #1747, .T. ) ;
#470 = CARTESIAN_POINT ( 'NONE',  ( -16.07846076050600104, 5.500007621499999111, -1.000000000000000000 ) ) ;
#471 = EDGE_CURVE ( 'NONE', #1803, #1789, #219, .T. ) ;
#472 = ORIENTED_EDGE ( 'NONE', *, *, #1162, .T. ) ;
#473 = SHAPE_REPRESENTATION_RELATIONSHIP ( 'NONE' , 'NONE' ,  #1292, #71 ) ;
#474 = CIRCLE ( 'NONE', #1535, 0.5873000287033030009 ) ;
#475 = DIRECTION ( 'NONE',  ( 0.000000000000000000, 0.000000000000000000, -1.000000000000000000 ) ) ;
#476 = ORIENTED_EDGE ( 'NONE', *, *, #1370, .F. ) ;
#477 = EDGE_CURVE ( 'NONE', #1644, #607, #1365, .T. ) ;
#478 = ORIENTED_EDGE ( 'NONE', *, *, #535, .F. ) ;
#479 = CARTESIAN_POINT ( 'NONE',  ( -29.73735839471699904, 7.936306604547580772E-15, 1.000000000000000000 ) ) ;
#480 = ORIENTED_EDGE ( 'NONE', *, *, #728, .F. ) ;
#481 = ADVANCED_FACE ( 'NONE', ( #789 ), #918, .T. ) ;
#482 = FACE_OUTER_BOUND ( 'NONE', #1664, .T. ) ;
#483 = AXIS2_PLACEMENT_3D ( 'NONE', #189, #421, #1602 ) ;
#484 = PRESENTATION_STYLE_ASSIGNMENT (( #1366 ) ) ;
#485 = ADVANCED_FACE ( 'NONE', ( #334 ), #911, .T. ) ;
#486 = EDGE_LOOP ( 'NONE', ( #1132, #452, #1236, #1462, #190, #1671 ) ) ;
#487 = AXIS2_PLACEMENT_3D ( 'NONE', #1511, #1503, #228 ) ;
#488 = VERTEX_POINT ( 'NONE', #1228 ) ;
#489 = CARTESIAN_POINT ( 'NONE',  ( -1.747913220875778808E-13, -7.587315214631177973, -0.000000000000000000 ) ) ;
#490 = ORIENTED_EDGE ( 'NONE', *, *, #758, .F. ) ;
#491 = AXIS2_PLACEMENT_3D ( 'NONE', #1027, #1736, #1446 ) ;
#492 = EDGE_CURVE ( 'NONE', #912, #839, #194, .T. ) ;
#493 = VERTEX_POINT ( 'NONE', #1663 ) ;
#494 = ORIENTED_EDGE ( 'NONE', *, *, #70, .T. ) ;
#495 = FACE_OUTER_BOUND ( 'NONE', #347, .T. ) ;
#496 = VECTOR ( 'NONE', #1568, 1000.000000000000000 ) ;
#497 = ORIENTED_EDGE ( 'NONE', *, *, #563, .T. ) ;
#498 = DIRECTION ( 'NONE',  ( 0.000000000000000000, -0.000000000000000000, -1.000000000000000000 ) ) ;
#499 = EDGE_CURVE ( 'NONE', #1334, #1763, #1062, .T. ) ;
#500 = VECTOR ( 'NONE', #867, 1000.000000000000000 ) ;
#501 = DIRECTION ( 'NONE',  ( 1.000000000000000000, 0.000000000000000000, 0.000000000000000000 ) ) ;
#502 = ORIENTED_EDGE ( 'NONE', *, *, #1657, .T. ) ;
#503 = ADVANCED_FACE ( 'NONE', ( #629 ), #943, .T. ) ;
#504 = AXIS2_PLACEMENT_3D ( 'NONE', #176, #1610, #1620 ) ;
#505 = VERTEX_POINT ( 'NONE', #1422 ) ;
#506 = VERTEX_POINT ( 'NONE', #1108 ) ;
#507 = DIRECTION ( 'NONE',  ( -2.668800133221486242E-16, -1.000000000000000000, 0.000000000000000000 ) ) ;
#508 = ORIENTED_EDGE ( 'NONE', *, *, #1063, .F. ) ;
#509 = CARTESIAN_POINT ( 'NONE',  ( -11.92159511960599971, -7.000017778551000269, 0.000000000000000000 ) ) ;
#510 = CYLINDRICAL_SURFACE ( 'NONE', #998, 1.087302514605037906 ) ;
#511 = CARTESIAN_POINT ( 'NONE',  ( -2.984723764997476714, -5.208187113076540697, -1.000000000000000000 ) ) ;
#512 = ORIENTED_EDGE ( 'NONE', *, *, #1672, .T. ) ;
#513 = ORIENTED_EDGE ( 'NONE', *, *, #845, .F. ) ;
#514 = CARTESIAN_POINT ( 'NONE',  ( -28.83735839471700046, 0.000000000000000000, 0.000000000000000000 ) ) ;
#515 = DIRECTION ( 'NONE',  ( 1.000000000000000000, 0.000000000000000000, 0.000000000000000000 ) ) ;
#516 = ORIENTED_EDGE ( 'NONE', *, *, #233, .F. ) ;
#517 = CARTESIAN_POINT ( 'NONE',  ( 1.261450966681366144E-15, -8.487315214629997939, 1.000000000000000000 ) ) ;
#518 = DIRECTION ( 'NONE',  ( -1.000000000000000000, 0.000000000000000000, 0.000000000000000000 ) ) ;
#519 = CARTESIAN_POINT ( 'NONE',  ( -2.984723764997476714, -5.208187113076540697, 0.000000000000000000 ) ) ;
#520 = ORIENTED_EDGE ( 'NONE', *, *, #1374, .T. ) ;
#521 = CARTESIAN_POINT ( 'NONE',  ( -4.292903203000668633, 5.687312674625749409, -1.000000000000000000 ) ) ;
#522 = VERTEX_POINT ( 'NONE', #1858 ) ;
#523 = PLANE ( 'NONE',  #148 ) ;
#524 = VERTEX_POINT ( 'NONE', #252 ) ;
#525 = CIRCLE ( 'NONE', #717, 0.4127000795039904024 ) ;
#526 = EDGE_CURVE ( 'NONE', #1651, #1387, #1855, .T. ) ;
#527 = DIRECTION ( 'NONE',  ( -1.000000000000000000, 0.000000000000000000, 0.000000000000000000 ) ) ;
#528 = CARTESIAN_POINT ( 'NONE',  ( -16.07846076050600104, 5.500007621499999111, -1.000000000000000000 ) ) ;
#529 = CARTESIAN_POINT ( 'NONE',  ( -2.692897314020000099, 5.500012537527999790, -1.000000000000000000 ) ) ;
#530 = DIRECTION ( 'NONE',  ( -0.000000000000000000, -0.000000000000000000, 1.000000000000000000 ) ) ;
#531 = EDGE_LOOP ( 'NONE', ( #1178, #128, #826, #250 ) ) ;
#532 = CARTESIAN_POINT ( 'NONE',  ( -29.73735839471700260, -6.500012700025000534, 1.000000000000000000 ) ) ;
#533 = LINE ( 'NONE', #1704, #901 ) ;
#534 = CONTEXT_DEPENDENT_SHAPE_REPRESENTATION ( #1619, #548 ) ;
#535 = EDGE_CURVE ( 'NONE', #1379, #506, #883, .T. ) ;
#536 = ORIENTED_EDGE ( 'NONE', *, *, #612, .F. ) ;
#537 = CARTESIAN_POINT ( 'NONE',  ( -0.9127025654049999437, 4.000007620015000320, -1.000000000000000000 ) ) ;
#538 = VECTOR ( 'NONE', #754, 1000.000000000000000 ) ;
#539 = EDGE_CURVE ( 'NONE', #1729, #1626, #554, .T. ) ;
#540 = LINE ( 'NONE', #266, #1603 ) ;
#541 = DIRECTION ( 'NONE',  ( 1.000000000000000000, 0.000000000000000000, 0.000000000000000000 ) ) ;
#542 = VECTOR ( 'NONE', #892, 1000.000000000000000 ) ;
#543 = FACE_OUTER_BOUND ( 'NONE', #750, .T. ) ;
#544 = DIRECTION ( 'NONE',  ( 0.9999999999999225064, 3.937342952379097787E-07, 0.000000000000000000 ) ) ;
#545 = VERTEX_POINT ( 'NONE', #1129 ) ;
#546 = DIRECTION ( 'NONE',  ( -0.000000000000000000, -0.000000000000000000, 1.000000000000000000 ) ) ;
#547 = VECTOR ( 'NONE', #936, 1000.000000000000000 ) ;
#548 = PRODUCT_DEFINITION_SHAPE ( 'NONE', 'NONE',  #1865 ) ;
#549 = DIRECTION ( 'NONE',  ( -0.000000000000000000, -0.000000000000000000, 1.000000000000000000 ) ) ;
#550 = CARTESIAN_POINT ( 'NONE',  ( -2.692900816417999721, -5.500010214123999042, 0.000000000000000000 ) ) ;
#551 = CARTESIAN_POINT ( 'NONE',  ( -3.707114550911000173, 5.687312674625502495, -1.000000000000000000 ) ) ;
#552 = CARTESIAN_POINT ( 'NONE',  ( 1.261450966681366144E-15, -8.487315214629997939, -1.000000000000000000 ) ) ;
#553 = VECTOR ( 'NONE', #22, 1000.000000000000000 ) ;
#554 = LINE ( 'NONE', #843, #1217 ) ;
#555 = CARTESIAN_POINT ( 'NONE',  ( -4.292903203000668633, 5.687312674625749409, 0.000000000000000000 ) ) ;
#556 = AXIS2_PLACEMENT_3D ( 'NONE', #59, #931, #793 ) ;
#557 = ORIENTED_EDGE ( 'NONE', *, *, #1572, .T. ) ;
#558 = CARTESIAN_POINT ( 'NONE',  ( -28.83735839471700046, -6.500012700025000534, -1.000000000000000000 ) ) ;
#559 = ADVANCED_FACE ( 'NONE', ( #989 ), #121, .T. ) ;
#560 = DIRECTION ( 'NONE',  ( -0.000000000000000000, -0.000000000000000000, 1.000000000000000000 ) ) ;
#561 = AXIS2_PLACEMENT_3D ( 'NONE', #1532, #1289, #401 ) ;
#562 = DIRECTION ( 'NONE',  ( 0.7071067811869159447, -0.7071067811861789787, 0.000000000000000000 ) ) ;
#563 = EDGE_CURVE ( 'NONE', #1528, #661, #368, .T. ) ;
#564 = AXIS2_PLACEMENT_3D ( 'NONE', #412, #392, #683 ) ;
#565 = FACE_OUTER_BOUND ( 'NONE', #1449, .T. ) ;
#566 = VERTEX_POINT ( 'NONE', #662 ) ;
#567 = PLANE ( 'NONE',  #732 ) ;
#568 = CIRCLE ( 'NONE', #1632, 1.087302514605002823 ) ;
#569 = LINE ( 'NONE', #1133, #1105 ) ;
#570 = VERTEX_POINT ( 'NONE', #1403 ) ;
#571 = DIRECTION ( 'NONE',  ( -0.000000000000000000, -0.000000000000000000, 1.000000000000000000 ) ) ;
#572 = CARTESIAN_POINT ( 'NONE',  ( -5.015294015038431752, 5.208189653081643833, 0.000000000000000000 ) ) ;
#573 = CARTESIAN_POINT ( 'NONE',  ( 2.400000163333999163E-12, 5.687312674623937525, -1.000000000000000000 ) ) ;
#574 = DIRECTION ( 'NONE',  ( -0.000000000000000000, -0.000000000000000000, -1.000000000000000000 ) ) ;
#575 = ORIENTED_EDGE ( 'NONE', *, *, #1158, .F. ) ;
#576 = EDGE_CURVE ( 'NONE', #488, #1651, #1239, .T. ) ;
#577 = CARTESIAN_POINT ( 'NONE',  ( -1.012702565405000144, -4.987310134620076774, 1.000000000000000000 ) ) ;
#578 = EDGE_LOOP ( 'NONE', ( #1020, #1360, #1053, #1472 ) ) ;
#579 = CARTESIAN_POINT ( 'NONE',  ( -28.83735839471700046, -6.500012700025000534, 0.000000000000000000 ) ) ;
#580 = DIRECTION ( 'NONE',  ( -0.000000000000000000, -0.000000000000000000, 1.000000000000000000 ) ) ;
#581 = LINE ( 'NONE', #141, #538 ) ;
#582 = CARTESIAN_POINT ( 'NONE',  ( -5.363508130054190634E-13, -5.087310134621256807, -1.000000000000000000 ) ) ;
#583 = LINE ( 'NONE', #1322, #1643 ) ;
#584 = ORIENTED_EDGE ( 'NONE', *, *, #290, .F. ) ;
#585 = AXIS2_PLACEMENT_3D ( 'NONE', #1548, #1456, #168 ) ;
#586 = EDGE_CURVE ( 'NONE', #1769, #1225, #311, .T. ) ;
#587 = CARTESIAN_POINT ( 'NONE',  ( -3.176881112915789895, -3.176881112913134242, -1.000000000000000000 ) ) ;
#588 = DIRECTION ( 'NONE',  ( -0.000000000000000000, -0.000000000000000000, -1.000000000000000000 ) ) ;
#589 = VERTEX_POINT ( 'NONE', #270 ) ;
#590 = EDGE_CURVE ( 'NONE', #379, #796, #693, .T. ) ;
#591 = LINE ( 'NONE', #1450, #1678 ) ;
#592 = LINE ( 'NONE', #14, #627 ) ;
#593 = DIRECTION ( 'NONE',  ( -1.000000000000000000, 0.000000000000000000, 0.000000000000000000 ) ) ;
#594 = AXIS2_PLACEMENT_3D ( 'NONE', #577, #724, #1859 ) ;
#595 = DIRECTION ( 'NONE',  ( -0.7071067811862653540, -0.7071067811868296804, 0.000000000000000000 ) ) ;
#596 = DIRECTION ( 'NONE',  ( -0.000000000000000000, -0.000000000000000000, 1.000000000000000000 ) ) ;
#597 = ORIENTED_EDGE ( 'NONE', *, *, #877, .F. ) ;
#598 = LINE ( 'NONE', #1179, #1452 ) ;
#599 = ADVANCED_FACE ( 'NONE', ( #1828 ), #1000, .F. ) ;
#600 = EDGE_LOOP ( 'NONE', ( #47, #597, #87, #1680 ) ) ;
#601 = LINE ( 'NONE', #1182, #390 ) ;
#602 = LINE ( 'NONE', #426, #1120 ) ;
#603 = CARTESIAN_POINT ( 'NONE',  ( 1.111731674038340945, -1.111731674037453876, 0.000000000000000000 ) ) ;
#604 = VECTOR ( 'NONE', #1743, 1000.000000000000114 ) ;
#605 = CYLINDRICAL_SURFACE ( 'NONE', #828, 2.087307593130137029 ) ;
#606 = VERTEX_POINT ( 'NONE', #1574 ) ;
#607 = VERTEX_POINT ( 'NONE', #1682 ) ;
#608 = ORIENTED_EDGE ( 'NONE', *, *, #1414, .F. ) ;
#609 = DIRECTION ( 'NONE',  ( -0.000000000000000000, -0.000000000000000000, 1.000000000000000000 ) ) ;
#610 = CARTESIAN_POINT ( 'NONE',  ( -13.96611530012754088, -7.612353074306875023, 1.000000000000000000 ) ) ;
#611 = ORIENTED_EDGE ( 'NONE', *, *, #1211, .F. ) ;
#612 = EDGE_CURVE ( 'NONE', #1504, #210, #533, .T. ) ;
#613 = ORIENTED_EDGE ( 'NONE', *, *, #1400, .F. ) ;
#614 = CARTESIAN_POINT ( 'NONE',  ( -0.01270256540500001516, 0.000000000000000000, -1.000000000000000000 ) ) ;
#615 = CIRCLE ( 'NONE', #1196, 0.9000025400050012392 ) ;
#616 = VERTEX_POINT ( 'NONE', #277 ) ;
#617 = CARTESIAN_POINT ( 'NONE',  ( -3.176881112911591032, 3.176881112911018601, 1.000000000000000000 ) ) ;
#618 = EDGE_CURVE ( 'NONE', #1814, #1431, #1817, .T. ) ;
#619 = CARTESIAN_POINT ( 'NONE',  ( -4.292903229123999687, -5.687310134620148894, 0.000000000000000000 ) ) ;
#620 = AXIS2_PLACEMENT_3D ( 'NONE', #792, #1484, #1094 ) ;
#621 = ADVANCED_FACE ( 'NONE', ( #402 ), #824, .T. ) ;
#622 = ORIENTED_EDGE ( 'NONE', *, *, #340, .T. ) ;
#623 = DIRECTION ( 'NONE',  ( -1.000000000000000000, 2.303730860562045791E-14, 0.000000000000000000 ) ) ;
#624 = VERTEX_POINT ( 'NONE', #1670 ) ;
#625 =( NAMED_UNIT ( * ) PLANE_ANGLE_UNIT ( ) SI_UNIT ( $, .RADIAN. ) );
#626 = ORIENTED_EDGE ( 'NONE', *, *, #1066, .F. ) ;
#627 = VECTOR ( 'NONE', #560, 1000.000000000000000 ) ;
#628 = ORIENTED_EDGE ( 'NONE', *, *, #526, .F. ) ;
#629 = FACE_OUTER_BOUND ( 'NONE', #1692, .T. ) ;
#630 = EDGE_CURVE ( 'NONE', #55, #1577, #1380, .T. ) ;
#631 = SHAPE_REPRESENTATION ( '\X2\591658f3\X0\', ( #198, #461 ), #1521 ) ;
#632 = ORIENTED_EDGE ( 'NONE', *, *, #255, .F. ) ;
#633 = CIRCLE ( 'NONE', #305, 1.000000000000000000 ) ;
#634 = DIRECTION ( 'NONE',  ( 1.000000000000000000, 0.000000000000000000, 0.000000000000000000 ) ) ;
#635 = ORIENTED_EDGE ( 'NONE', *, *, #1408, .T. ) ;
#636 = AXIS2_PLACEMENT_3D ( 'NONE', #968, #1391, #1413 ) ;
#637 = AXIS2_PLACEMENT_3D ( 'NONE', #434, #865, #887 ) ;
#638 = VERTEX_POINT ( 'NONE', #381 ) ;
#639 = CYLINDRICAL_SURFACE ( 'NONE', #1214, 1.012707643931038515 ) ;
#640 = ADVANCED_FACE ( 'NONE', ( #1558 ), #1694, .F. ) ;
#641 = VERTEX_POINT ( 'NONE', #1744 ) ;
#642 = CARTESIAN_POINT ( 'NONE',  ( 0.000000000000000000, 8.487315214630537952, 1.000000000000000000 ) ) ;
#643 = AXIS2_PLACEMENT_3D ( 'NONE', #529, #1235, #974 ) ;
#644 = EDGE_CURVE ( 'NONE', #1205, #1662, #464, .T. ) ;
#645 = CARTESIAN_POINT ( 'NONE',  ( -2.000005080009999769, 4.000007620015000320, -1.000000000000000000 ) ) ;
#646 = ORIENTED_EDGE ( 'NONE', *, *, #773, .F. ) ;
#647 = AXIS2_PLACEMENT_3D ( 'NONE', #528, #688, #397 ) ;
#648 = EDGE_LOOP ( 'NONE', ( #1594, #103, #460, #139 ) ) ;
#649 = EDGE_LOOP ( 'NONE', ( #944, #349, #1241, #212 ) ) ;
#650 = DIRECTION ( 'NONE',  ( -7.431389872894915474E-17, -1.000000000000000000, 0.000000000000000000 ) ) ;
#651 = VECTOR ( 'NONE', #1693, 1000.000000000000000 ) ;
#652 = ORIENTED_EDGE ( 'NONE', *, *, #768, .F. ) ;
#653 = EDGE_CURVE ( 'NONE', #1419, #45, #1052, .T. ) ;
#654 = CARTESIAN_POINT ( 'NONE',  ( -5.307116963617000138, 5.500012754129000037, -1.000000000000000000 ) ) ;
#655 = CIRCLE ( 'NONE', #1147, 1.987302514605267856 ) ;
#656 = UNCERTAINTY_MEASURE_WITH_UNIT (LENGTH_MEASURE( 1.000000000000000082E-05 ), #1067, 'distance_accuracy_value', 'NONE');
#657 = CARTESIAN_POINT ( 'NONE',  ( -5.508963214762582439, 5.987312659493182032, -1.000000000000000000 ) ) ;
#658 = ORIENTED_EDGE ( 'NONE', *, *, #432, .F. ) ;
#659 = AXIS2_PLACEMENT_3D ( 'NONE', #1486, #923, #1777 ) ;
#660 = CARTESIAN_POINT ( 'NONE',  ( -2.692900816417999721, -5.500010214123999042, -1.000000000000000000 ) ) ;
#661 = VERTEX_POINT ( 'NONE', #1477 ) ;
#662 = CARTESIAN_POINT ( 'NONE',  ( -0.01270256540500001516, 4.987308897789034745, 1.000000000000000000 ) ) ;
#663 =( LENGTH_UNIT ( ) NAMED_UNIT ( * ) SI_UNIT ( .MILLI., .METRE. ) );
#664 = EDGE_LOOP ( 'NONE', ( #1615, #685, #89, #69 ) ) ;
#665 = DIRECTION ( 'NONE',  ( 1.000000000000000000, 0.000000000000000000, 0.000000000000000000 ) ) ;
#666 = CARTESIAN_POINT ( 'NONE',  ( -4.292903356423000361, -5.100010105917000658, -1.000000000000000000 ) ) ;
#667 = CARTESIAN_POINT ( 'NONE',  ( 0.000000000000000000, -5.087310134620000035, -1.000000000000000000 ) ) ;
#668 = ORIENTED_EDGE ( 'NONE', *, *, #1232, .T. ) ;
#669 = CARTESIAN_POINT ( 'NONE',  ( -4.708187080824134618, -5.515294047290106860, -1.000000000000000000 ) ) ;
#670 = EDGE_CURVE ( 'NONE', #1769, #1755, #1157, .T. ) ;
#671 = ORIENTED_EDGE ( 'NONE', *, *, #1046, .F. ) ;
#672 = DIRECTION ( 'NONE',  ( 0.000000000000000000, 0.000000000000000000, -1.000000000000000000 ) ) ;
#673 = CARTESIAN_POINT ( 'NONE',  ( -4.292903356423000361, -5.100010105917000658, -1.000000000000000000 ) ) ;
#674 = PLANE ( 'NONE',  #1285 ) ;
#675 = ORIENTED_EDGE ( 'NONE', *, *, #361, .F. ) ;
#676 = LINE ( 'NONE', #517, #991 ) ;
#677 = FACE_OUTER_BOUND ( 'NONE', #725, .T. ) ;
#678 = EDGE_CURVE ( 'NONE', #1504, #912, #655, .T. ) ;
#679 = CYLINDRICAL_SURFACE ( 'NONE', #234, 0.4127000795032010894 ) ;
#680 = LINE ( 'NONE', #830, #1614 ) ;
#681 = CARTESIAN_POINT ( 'NONE',  ( -1.747913220875778808E-13, -7.587315214631177973, -1.000000000000000000 ) ) ;
#682 = CARTESIAN_POINT ( 'NONE',  ( -27.75005588011200075, -7.587315214630538485, -1.000000000000000000 ) ) ;
#683 = DIRECTION ( 'NONE',  ( -1.000000000000000000, 0.000000000000000000, 0.000000000000000000 ) ) ;
#684 = EDGE_CURVE ( 'NONE', #1349, #1488, #1332, .T. ) ;
#685 = ORIENTED_EDGE ( 'NONE', *, *, #590, .F. ) ;
#686 = VECTOR ( 'NONE', #1448, 1000.000000000000000 ) ;
#687 = DIRECTION ( 'NONE',  ( -1.000000000000000000, 0.000000000000000000, 0.000000000000000000 ) ) ;
#688 = DIRECTION ( 'NONE',  ( 0.000000000000000000, 0.000000000000000000, -1.000000000000000000 ) ) ;
#689 = DIRECTION ( 'NONE',  ( -0.000000000000000000, 0.000000000000000000, 1.000000000000000000 ) ) ;
#690 = PRODUCT_DEFINITION_SHAPE ( 'NONE', 'NONE',  #319 ) ;
#691 = ORIENTED_EDGE ( 'NONE', *, *, #477, .F. ) ;
#692 = CARTESIAN_POINT ( 'NONE',  ( -27.75005588011200075, -6.500012700025000534, -1.000000000000000000 ) ) ;
#693 = LINE ( 'NONE', #1839, #238 ) ;
#694 = VERTEX_POINT ( 'NONE', #1193 ) ;
#695 = LINE ( 'NONE', #1576, #686 ) ;
#696 = EDGE_CURVE ( 'NONE', #902, #74, #1454, .T. ) ;
#697 = DIRECTION ( 'NONE',  ( -0.000000000000000000, -0.000000000000000000, 1.000000000000000000 ) ) ;
#698 = CARTESIAN_POINT ( 'NONE',  ( -16.07846076050600104, 5.500007621499999111, 0.000000000000000000 ) ) ;
#699 = CARTESIAN_POINT ( 'NONE',  ( -0.9127025654049999437, 4.000007620015000320, -1.000000000000000000 ) ) ;
#700 = CARTESIAN_POINT ( 'NONE',  ( -3.813277215977636470, -3.813277215978043255, -1.000000000000000000 ) ) ;
#701 = DIRECTION ( 'NONE',  ( 3.927856634867698791E-07, -0.9999999999999229505, 0.000000000000000000 ) ) ;
#702 = EDGE_CURVE ( 'NONE', #1633, #362, #293, .T. ) ;
#703 = FACE_OUTER_BOUND ( 'NONE', #1696, .T. ) ;
#704 = ORIENTED_EDGE ( 'NONE', *, *, #322, .T. ) ;
#705 = DIRECTION ( 'NONE',  ( 1.000000000000000000, 0.000000000000000000, 0.000000000000000000 ) ) ;
#706 = ADVANCED_FACE ( 'NONE', ( #740 ), #1177, .F. ) ;
#707 = DIRECTION ( 'NONE',  ( 0.000000000000000000, 0.000000000000000000, -1.000000000000000000 ) ) ;
#708 = FACE_OUTER_BOUND ( 'NONE', #161, .T. ) ;
#709 = AXIS2_PLACEMENT_3D ( 'NONE', #939, #199, #765 ) ;
#710 = CYLINDRICAL_SURFACE ( 'NONE', #721, 1.912707643930981138 ) ;
#711 = AXIS2_PLACEMENT_3D ( 'NONE', #140, #549, #1296 ) ;
#712 = ORIENTED_EDGE ( 'NONE', *, *, #576, .F. ) ;
#713 = PRODUCT_CONTEXT ( 'NONE', #325, 'mechanical' ) ;
#714 = CYLINDRICAL_SURFACE ( 'NONE', #952, 2.987307593130809735 ) ;
#715 = CIRCLE ( 'NONE', #1375, 0.5873000287032743572 ) ;
#716 = ORIENTED_EDGE ( 'NONE', *, *, #442, .T. ) ;
#717 = AXIS2_PLACEMENT_3D ( 'NONE', #660, #784, #1009 ) ;
#718 = CARTESIAN_POINT ( 'NONE',  ( -27.75005588011200075, 8.487315214630537952, -1.000000000000000000 ) ) ;
#719 = VECTOR ( 'NONE', #571, 1000.000000000000000 ) ;
#720 = CARTESIAN_POINT ( 'NONE',  ( -1.012702565404999921, -5.987310134620076774, -1.000000000000000000 ) ) ;
#721 = AXIS2_PLACEMENT_3D ( 'NONE', #269, #1128, #1421 ) ;
#722 = CARTESIAN_POINT ( 'NONE',  ( 5.009157873013454493E-06, 5.987308050528466374, 1.000000000000000000 ) ) ;
#723 = ORIENTED_EDGE ( 'NONE', *, *, #9, .F. ) ;
#724 = DIRECTION ( 'NONE',  ( 0.000000000000000000, 0.000000000000000000, -1.000000000000000000 ) ) ;
#725 = EDGE_LOOP ( 'NONE', ( #217, #920, #1218, #1151 ) ) ;
#726 = DIRECTION ( 'NONE',  ( -1.000000000000000000, 0.000000000000000000, 0.000000000000000000 ) ) ;
#727 = DIRECTION ( 'NONE',  ( -0.000000000000000000, -0.000000000000000000, 1.000000000000000000 ) ) ;
#728 = EDGE_CURVE ( 'NONE', #438, #1420, #802, .T. ) ;
#729 = CARTESIAN_POINT ( 'NONE',  ( -2.000005080009999769, 5.087310134620075530, 0.000000000000000000 ) ) ;
#730 = DIRECTION ( 'NONE',  ( -0.000000000000000000, -0.000000000000000000, -1.000000000000000000 ) ) ;
#731 = ORIENTED_EDGE ( 'NONE', *, *, #1492, .F. ) ;
#732 = AXIS2_PLACEMENT_3D ( 'NONE', #1481, #1161, #1460 ) ;
#733 = ADVANCED_FACE ( 'NONE', ( #427 ), #1341, .T. ) ;
#734 = FACE_OUTER_BOUND ( 'NONE', #119, .T. ) ;
#735 = CARTESIAN_POINT ( 'NONE',  ( -11.92159511960599971, -7.000017778551000269, 1.000000000000000000 ) ) ;
#736 = VERTEX_POINT ( 'NONE', #1761 ) ;
#737 = CARTESIAN_POINT ( 'NONE',  ( 0.000000000000000000, -5.087310134620000035, -0.000000000000000000 ) ) ;
#738 = VECTOR ( 'NONE', #1786, 1000.000000000000000 ) ;
#739 = CARTESIAN_POINT ( 'NONE',  ( -3.176881112911591032, 3.176881112911017713, -1.000000000000000000 ) ) ;
#740 = FACE_OUTER_BOUND ( 'NONE', #486, .T. ) ;
#741 = EDGE_CURVE ( 'NONE', #268, #566, #299, .T. ) ;
#742 = ORIENTED_EDGE ( 'NONE', *, *, #840, .F. ) ;
#743 = AXIS2_PLACEMENT_3D ( 'NONE', #458, #323, #187 ) ;
#744 = ORIENTED_EDGE ( 'NONE', *, *, #446, .F. ) ;
#745 = LINE ( 'NONE', #30, #1546 ) ;
#746 = DIRECTION ( 'NONE',  ( 0.000000000000000000, 0.000000000000000000, -1.000000000000000000 ) ) ;
#747 = CARTESIAN_POINT ( 'NONE',  ( -0.01270256540500001516, 0.000000000000000000, 1.000000000000000000 ) ) ;
#748 = AXIS2_PLACEMENT_3D ( 'NONE', #821, #1257, #1399 ) ;
#749 = DIRECTION ( 'NONE',  ( -0.000000000000000000, 0.000000000000000000, 1.000000000000000000 ) ) ;
#750 = EDGE_LOOP ( 'NONE', ( #180, #658, #1345, #1071 ) ) ;
#751 = AXIS2_PLACEMENT_3D ( 'NONE', #1753, #185, #7 ) ;
#752 = ORIENTED_EDGE ( 'NONE', *, *, #1710, .F. ) ;
#753 = DIRECTION ( 'NONE',  ( 0.000000000000000000, -0.000000000000000000, 1.000000000000000000 ) ) ;
#754 = DIRECTION ( 'NONE',  ( -0.000000000000000000, -0.000000000000000000, 1.000000000000000000 ) ) ;
#755 = CARTESIAN_POINT ( 'NONE',  ( -1.012701728775611709, 5.987308897788684803, 1.000000000000000000 ) ) ;
#756 = ORIENTED_EDGE ( 'NONE', *, *, #618, .T. ) ;
#757 = ORIENTED_EDGE ( 'NONE', *, *, #255, .T. ) ;
#758 = EDGE_CURVE ( 'NONE', #55, #1795, #474, .T. ) ;
#759 = PLANE ( 'NONE',  #224 ) ;
#760 = EDGE_CURVE ( 'NONE', #1508, #493, #1321, .T. ) ;
#761 = ORIENTED_EDGE ( 'NONE', *, *, #758, .T. ) ;
#762 = DIRECTION ( 'NONE',  ( -1.000000000000000000, 0.000000000000000000, 0.000000000000000000 ) ) ;
#763 = ORIENTED_EDGE ( 'NONE', *, *, #945, .F. ) ;
#764 = DIRECTION ( 'NONE',  ( -0.7071067811866112995, 0.7071067811864838459, 0.000000000000000000 ) ) ;
#765 = DIRECTION ( 'NONE',  ( 0.7071067811862519203, -0.7071067811868431141, 0.000000000000000000 ) ) ;
#766 = AXIS2_PLACEMENT_3D ( 'NONE', #735, #1721, #415 ) ;
#767 = ORIENTED_EDGE ( 'NONE', *, *, #760, .F. ) ;
#768 = EDGE_CURVE ( 'NONE', #78, #210, #1480, .T. ) ;
#769 = ORIENTED_EDGE ( 'NONE', *, *, #670, .F. ) ;
#770 = CARTESIAN_POINT ( 'NONE',  ( -3.291830680739326720, -5.515294028818636285, -1.000000000000000000 ) ) ;
#771 = EDGE_LOOP ( 'NONE', ( #344, #1732, #1221, #1031 ) ) ;
#772 = CARTESIAN_POINT ( 'NONE',  ( -16.07846076050600104, 5.500007621499999111, 1.000000000000000000 ) ) ;
#773 = EDGE_CURVE ( 'NONE', #935, #26, #568, .T. ) ;
#774 = VERTEX_POINT ( 'NONE', #321 ) ;
#775 = VECTOR ( 'NONE', #948, 1000.000000000000114 ) ;
#776 = VERTEX_POINT ( 'NONE', #729 ) ;
#777 = FACE_OUTER_BOUND ( 'NONE', #1740, .T. ) ;
#778 = ADVANCED_FACE ( 'NONE', ( #1310 ), #15, .T. ) ;
#779 = ORIENTED_EDGE ( 'NONE', *, *, #442, .F. ) ;
#780 = CIRCLE ( 'NONE', #879, 0.4127024029201855071 ) ;
#781 =( NAMED_UNIT ( * ) PLANE_ANGLE_UNIT ( ) SI_UNIT ( $, .RADIAN. ) );
#782 = ORIENTED_EDGE ( 'NONE', *, *, #1046, .T. ) ;
#783 = AXIS2_PLACEMENT_3D ( 'NONE', #1069, #650, #1489 ) ;
#784 = DIRECTION ( 'NONE',  ( 0.000000000000000000, 0.000000000000000000, -1.000000000000000000 ) ) ;
#785 = ADVANCED_FACE ( 'NONE', ( #1600 ), #191, .T. ) ;
#786 = CIRCLE ( 'NONE', #825, 1.987302514605004289 ) ;
#787 = ORIENTED_EDGE ( 'NONE', *, *, #280, .T. ) ;
#788 = ORIENTED_EDGE ( 'NONE', *, *, #670, .T. ) ;
#789 = FACE_OUTER_BOUND ( 'NONE', #649, .T. ) ;
#790 = ORIENTED_EDGE ( 'NONE', *, *, #98, .F. ) ;
#791 = PLANE ( 'NONE',  #258 ) ;
#792 = CARTESIAN_POINT ( 'NONE',  ( -11.92159511960599971, -7.000017778551000269, -1.000000000000000000 ) ) ;
#793 = DIRECTION ( 'NONE',  ( -1.000000000000000000, 8.564779215269749264E-16, 0.000000000000000000 ) ) ;
#794 = ORIENTED_EDGE ( 'NONE', *, *, #290, .T. ) ;
#795 = AXIS2_PLACEMENT_3D ( 'NONE', #848, #274, #376 ) ;
#796 = VERTEX_POINT ( 'NONE', #1506 ) ;
#797 = CARTESIAN_POINT ( 'NONE',  ( -11.92159511960599971, 7.000017778551000269, 1.000000000000000000 ) ) ;
#798 = FACE_OUTER_BOUND ( 'NONE', #99, .T. ) ;
#799 = VECTOR ( 'NONE', #850, 1000.000000000000000 ) ;
#800 = ORIENTED_EDGE ( 'NONE', *, *, #1152, .F. ) ;
#801 = DIRECTION ( 'NONE',  ( -0.000000000000000000, -0.000000000000000000, 1.000000000000000000 ) ) ;
#802 = CIRCLE ( 'NONE', #751, 0.9000025400050012392 ) ;
#803 = EDGE_CURVE ( 'NONE', #379, #1103, #271, .T. ) ;
#804 = PLANE ( 'NONE',  #1051 ) ;
#805 = LINE ( 'NONE', #667, #172 ) ;
#806 = ORIENTED_EDGE ( 'NONE', *, *, #576, .T. ) ;
#807 = STYLED_ITEM ( 'NONE', ( #484 ), #810 ) ;
#808 = CARTESIAN_POINT ( 'NONE',  ( -27.75005588011200075, 7.587315214630002913, 0.000000000000000000 ) ) ;
#809 = ORIENTED_EDGE ( 'NONE', *, *, #64, .T. ) ;
#810 = MANIFOLD_SOLID_BREP ( '\X2\570689d2\X0\1', #1461 ) ;
#811 = CARTESIAN_POINT ( 'NONE',  ( -11.92159511960599971, 7.000017778551000269, -1.000000000000000000 ) ) ;
#812 = DIRECTION ( 'NONE',  ( -0.000000000000000000, -0.000000000000000000, 1.000000000000000000 ) ) ;
#813 = DIRECTION ( 'NONE',  ( 0.000000000000000000, 0.000000000000000000, 1.000000000000000000 ) ) ;
#814 = ORIENTED_EDGE ( 'NONE', *, *, #1491, .F. ) ;
#815 = CARTESIAN_POINT ( 'NONE',  ( -2.984723764997476714, -5.208187113076540697, -1.000000000000000000 ) ) ;
#816 = EDGE_CURVE ( 'NONE', #566, #1205, #32, .T. ) ;
#817 = CARTESIAN_POINT ( 'NONE',  ( -13.96611530012773095, -7.612353074306684952, -1.000000000000000000 ) ) ;
#818 = LINE ( 'NONE', #1397, #1 ) ;
#819 = CARTESIAN_POINT ( 'NONE',  ( -5.306884993771173065, 5.087312732783423108, 0.000000000000000000 ) ) ;
#820 = ADVANCED_FACE ( 'NONE', ( #355 ), #510, .F. ) ;
#821 = CARTESIAN_POINT ( 'NONE',  ( -27.75005588011200075, -6.500012700025000534, -1.000000000000000000 ) ) ;
#822 = ORIENTED_EDGE ( 'NONE', *, *, #51, .T. ) ;
#823 = DIRECTION ( 'NONE',  ( -0.000000000000000000, -0.000000000000000000, -1.000000000000000000 ) ) ;
#824 = PLANE ( 'NONE',  #1720 ) ;
#825 = AXIS2_PLACEMENT_3D ( 'NONE', #117, #689, #541 ) ;
#826 = ORIENTED_EDGE ( 'NONE', *, *, #845, .T. ) ;
#827 = CARTESIAN_POINT ( 'NONE',  ( -12.63768756327230847, 6.283925337451295334, 1.000000000000000000 ) ) ;
#828 = AXIS2_PLACEMENT_3D ( 'NONE', #437, #596, #1754 ) ;
#829 = DIRECTION ( 'NONE',  ( -0.000000000000000000, -0.000000000000000000, 1.000000000000000000 ) ) ;
#830 = CARTESIAN_POINT ( 'NONE',  ( -11.92159512303378577, 5.087310134620116386, -1.000000000000000000 ) ) ;
#831 = VERTEX_POINT ( 'NONE', #619 ) ;
#832 = FACE_OUTER_BOUND ( 'NONE', #1661, .T. ) ;
#833 = DIRECTION ( 'NONE',  ( 0.000000000000000000, 0.000000000000000000, -1.000000000000000000 ) ) ;
#834 = EDGE_CURVE ( 'NONE', #1379, #1641, #1376, .T. ) ;
#835 = ORIENTED_EDGE ( 'NONE', *, *, #1265, .F. ) ;
#836 = VECTOR ( 'NONE', #11, 1000.000000000000000 ) ;
#837 = CARTESIAN_POINT ( 'NONE',  ( -4.292903229123999687, -5.687310134620148894, -1.000000000000000000 ) ) ;
#838 = LINE ( 'NONE', #116, #1773 ) ;
#839 = VERTEX_POINT ( 'NONE', #1223 ) ;
#840 = EDGE_CURVE ( 'NONE', #1048, #1442, #330, .T. ) ;
#841 =( GEOMETRIC_REPRESENTATION_CONTEXT ( 3 ) GLOBAL_UNCERTAINTY_ASSIGNED_CONTEXT ( ( #656 ) ) GLOBAL_UNIT_ASSIGNED_CONTEXT ( ( #1067, #781, #1209 ) ) REPRESENTATION_CONTEXT ( 'NONE', 'WORKASPACE' ) );
#842 = CARTESIAN_POINT ( 'NONE',  ( -14.60251140433618389, 6.975956972379353971, -0.000000000000000000 ) ) ;
#843 = CARTESIAN_POINT ( 'NONE',  ( -5.015294033510573790, -5.208187094604739720, -1.000000000000000000 ) ) ;
#844 = APPLICATION_PROTOCOL_DEFINITION ( 'draft international standard', 'automotive_design', 1998, #325 ) ;
#845 = EDGE_CURVE ( 'NONE', #616, #1048, #1083, .T. ) ;
#846 = CARTESIAN_POINT ( 'NONE',  ( -11.92159511960599971, 7.000017778551000269, 0.000000000000000000 ) ) ;
#847 = CARTESIAN_POINT ( 'NONE',  ( -3.813277215977636470, -3.813277215978043255, -1.000000000000000000 ) ) ;
#848 = CARTESIAN_POINT ( 'NONE',  ( -3.707114423611999943, 5.100012645921999876, -1.000000000000000000 ) ) ;
#849 = CARTESIAN_POINT ( 'NONE',  ( -29.73735839471726905, 6.500012700025000534, -1.000000000000000000 ) ) ;
#850 = DIRECTION ( 'NONE',  ( 1.000000000000000000, -4.219919495621356152E-13, 0.000000000000000000 ) ) ;
#851 = ORIENTED_EDGE ( 'NONE', *, *, #644, .F. ) ;
#852 = DIRECTION ( 'NONE',  ( 0.000000000000000000, 1.000000000000000000, 0.000000000000000000 ) ) ;
#853 = ORIENTED_EDGE ( 'NONE', *, *, #930, .T. ) ;
#854 = LINE ( 'NONE', #431, #719 ) ;
#855 = DIRECTION ( 'NONE',  ( -0.7071067811864837349, -0.7071067811866112995, 0.000000000000000000 ) ) ;
#856 = DIRECTION ( 'NONE',  ( 1.000000000000000000, 0.000000000000000000, 0.000000000000000000 ) ) ;
#857 = VERTEX_POINT ( 'NONE', #1642 ) ;
#858 = DIRECTION ( 'NONE',  ( 0.000000000000000000, -0.000000000000000000, -1.000000000000000000 ) ) ;
#859 = LINE ( 'NONE', #1604, #54 ) ;
#860 = ORIENTED_EDGE ( 'NONE', *, *, #539, .F. ) ;
#861 = CIRCLE ( 'NONE', #1411, 1.912707643930864787 ) ;
#862 = FACE_OUTER_BOUND ( 'NONE', #664, .T. ) ;
#863 = CIRCLE ( 'NONE', #56, 0.5873000287033030009 ) ;
#864 = CARTESIAN_POINT ( 'NONE',  ( -4.292903203000668633, 5.687312674625749409, -1.000000000000000000 ) ) ;
#865 = DIRECTION ( 'NONE',  ( -0.000000000000000000, -0.000000000000000000, -1.000000000000000000 ) ) ;
#866 = EDGE_CURVE ( 'NONE', #638, #1763, #414, .T. ) ;
#867 = DIRECTION ( 'NONE',  ( -0.7071067811862653540, -0.7071067811868296804, 0.000000000000000000 ) ) ;
#868 = LINE ( 'NONE', #146, #108 ) ;
#869 = ORIENTED_EDGE ( 'NONE', *, *, #1324, .F. ) ;
#870 = CARTESIAN_POINT ( 'NONE',  ( -4.708187080824134618, -5.515294047290106860, -1.000000000000000000 ) ) ;
#871 = FACE_OUTER_BOUND ( 'NONE', #600, .T. ) ;
#872 = ORIENTED_EDGE ( 'NONE', *, *, #877, .T. ) ;
#873 = CYLINDRICAL_SURFACE ( 'NONE', #1047, 0.5873000287038936396 ) ;
#874 = ADVANCED_FACE ( 'NONE', ( #223 ), #1073, .F. ) ;
#875 = CIRCLE ( 'NONE', #448, 0.4127000795039904024 ) ;
#876 = LINE ( 'NONE', #1298, #1505 ) ;
#877 = EDGE_CURVE ( 'NONE', #774, #253, #894, .T. ) ;
#878 = CARTESIAN_POINT ( 'NONE',  ( -3.707114550911000173, 5.687312674625502495, 0.000000000000000000 ) ) ;
#879 = AXIS2_PLACEMENT_3D ( 'NONE', #1709, #407, #993 ) ;
#880 = FACE_OUTER_BOUND ( 'NONE', #771, .T. ) ;
#881 = EDGE_LOOP ( 'NONE', ( #1723, #237, #1230, #428 ) ) ;
#882 = CARTESIAN_POINT ( 'NONE',  ( -12.63768756327230847, 6.283925337451295334, 1.000000000000000000 ) ) ;
#883 = CIRCLE ( 'NONE', #166, 1.012707643930884194 ) ;
#884 = DIRECTION ( 'NONE',  ( 0.9999999999999225064, 3.937342952379097258E-07, 0.000000000000000000 ) ) ;
#885 = VECTOR ( 'NONE', #1320, 1000.000000000000000 ) ;
#886 = UNCERTAINTY_MEASURE_WITH_UNIT (LENGTH_MEASURE( 1.000000000000000082E-05 ), #663, 'distance_accuracy_value', 'NONE');
#887 = DIRECTION ( 'NONE',  ( -1.000000000000000000, 0.000000000000000000, 0.000000000000000000 ) ) ;
#888 = DIRECTION ( 'NONE',  ( -0.000000000000000000, -0.000000000000000000, -1.000000000000000000 ) ) ;
#889 = ORIENTED_EDGE ( 'NONE', *, *, #1652, .T. ) ;
#890 = AXIS2_PLACEMENT_3D ( 'NONE', #1194, #1037, #1611 ) ;
#891 = AXIS2_PLACEMENT_3D ( 'NONE', #275, #1580, #283 ) ;
#892 = DIRECTION ( 'NONE',  ( -0.000000000000000000, -0.000000000000000000, 1.000000000000000000 ) ) ;
#893 = ORIENTED_EDGE ( 'NONE', *, *, #1232, .F. ) ;
#894 = CIRCLE ( 'NONE', #556, 1.012707643930884194 ) ;
#895 = PLANE ( 'NONE',  #1183 ) ;
#896 = DIRECTION ( 'NONE',  ( 0.9999999999999228395, 3.927856634867699321E-07, 0.000000000000000000 ) ) ;
#897 = CIRCLE ( 'NONE', #1294, 1.000000000000000000 ) ;
#898 = DIRECTION ( 'NONE',  ( -1.000000000000000000, 0.000000000000000000, -0.000000000000000000 ) ) ;
#899 = ORIENTED_EDGE ( 'NONE', *, *, #286, .F. ) ;
#900 = EDGE_CURVE ( 'NONE', #1039, #416, #1471, .T. ) ;
#901 = VECTOR ( 'NONE', #1545, 1000.000000000000000 ) ;
#902 = VERTEX_POINT ( 'NONE', #657 ) ;
#903 = DIRECTION ( 'NONE',  ( 1.000000000000000000, 0.000000000000000000, 0.000000000000000000 ) ) ;
#904 = ORIENTED_EDGE ( 'NONE', *, *, #1072, .F. ) ;
#905 = ADVANCED_FACE ( 'NONE', ( #126 ), #1687, .F. ) ;
#906 = CARTESIAN_POINT ( 'NONE',  ( -15.09742951485899987, -5.123210566421000145, -2.000000000000000000 ) ) ;
#907 = MECHANICAL_DESIGN_GEOMETRIC_PRESENTATION_REPRESENTATION (  '', ( #807 ), #841 ) ;
#908 = DIRECTION ( 'NONE',  ( -1.000000000000000000, 0.000000000000000000, 0.000000000000000000 ) ) ;
#909 = ORIENTED_EDGE ( 'NONE', *, *, #1313, .F. ) ;
#910 = VERTEX_POINT ( 'NONE', #1698 ) ;
#911 = PLANE ( 'NONE',  #783 ) ;
#912 = VERTEX_POINT ( 'NONE', #1113 ) ;
#913 = DIRECTION ( 'NONE',  ( -0.7071067811864838459, -0.7071067811866112995, 0.000000000000000000 ) ) ;
#914 = ADVANCED_FACE ( 'NONE', ( #994 ), #804, .T. ) ;
#915 = CARTESIAN_POINT ( 'NONE',  ( -1.464063816291039170E-11, 5.087310134625831815, -1.000000000000000000 ) ) ;
#916 = VERTEX_POINT ( 'NONE', #1243 ) ;
#917 = PRODUCT ( '\X2\591658f3\X0\', '\X2\591658f3\X0\', '', ( #1705 ) ) ;
#918 = PLANE ( 'NONE',  #1613 ) ;
#919 = AXIS2_PLACEMENT_3D ( 'NONE', #1159, #1581, #898 ) ;
#920 = ORIENTED_EDGE ( 'NONE', *, *, #1468, .F. ) ;
#921 =( NAMED_UNIT ( * ) SI_UNIT ( $, .STERADIAN. ) SOLID_ANGLE_UNIT ( ) );
#922 = EDGE_CURVE ( 'NONE', #966, #205, #83, .T. ) ;
#923 = DIRECTION ( 'NONE',  ( 2.877874117259257654E-12, -1.000000000000000000, 0.000000000000000000 ) ) ;
#924 = CIRCLE ( 'NONE', #620, 1.912707643930981138 ) ;
#925 = ORIENTED_EDGE ( 'NONE', *, *, #1453, .F. ) ;
#926 = EDGE_CURVE ( 'NONE', #362, #624, #715, .T. ) ;
#927 = ORIENTED_EDGE ( 'NONE', *, *, #1313, .T. ) ;
#928 = DIRECTION ( 'NONE',  ( -0.000000000000000000, -0.000000000000000000, 1.000000000000000000 ) ) ;
#929 = ORIENTED_EDGE ( 'NONE', *, *, #1097, .F. ) ;
#930 = EDGE_CURVE ( 'NONE', #831, #641, #371, .T. ) ;
#931 = DIRECTION ( 'NONE',  ( -0.000000000000000000, -0.000000000000000000, 1.000000000000000000 ) ) ;
#932 = ORIENTED_EDGE ( 'NONE', *, *, #684, .T. ) ;
#933 = CIRCLE ( 'NONE', #1689, 1.087302514605002823 ) ;
#934 = ORIENTED_EDGE ( 'NONE', *, *, #866, .T. ) ;
#935 = VERTEX_POINT ( 'NONE', #1539 ) ;
#936 = DIRECTION ( 'NONE',  ( -0.000000000000000000, -0.000000000000000000, 1.000000000000000000 ) ) ;
#937 = ORIENTED_EDGE ( 'NONE', *, *, #1192, .F. ) ;
#938 = FACE_BOUND ( 'NONE', #1668, .T. ) ;
#939 = CARTESIAN_POINT ( 'NONE',  ( -3.176881112915789007, -3.176881112913133798, 1.000000000000000000 ) ) ;
#940 = ORIENTED_EDGE ( 'NONE', *, *, #131, .T. ) ;
#941 = ORIENTED_EDGE ( 'NONE', *, *, #1328, .T. ) ;
#942 = ORIENTED_EDGE ( 'NONE', *, *, #1400, .T. ) ;
#943 = CYLINDRICAL_SURFACE ( 'NONE', #1788, 2.987307593130268835 ) ;
#944 = ORIENTED_EDGE ( 'NONE', *, *, #322, .F. ) ;
#945 = EDGE_CURVE ( 'NONE', #416, #1504, #838, .T. ) ;
#946 = CARTESIAN_POINT ( 'NONE',  ( 0.000000000000000000, 0.000000000000000000, -1.000000000000000000 ) ) ;
#947 = CIRCLE ( 'NONE', #1253, 2.987307593130270611 ) ;
#948 = DIRECTION ( 'NONE',  ( -0.7071067811862373764, -0.7071067811868577691, 0.000000000000000000 ) ) ;
#949 = CARTESIAN_POINT ( 'NONE',  ( -1.012701728775611487, 5.987310134620000390, -1.000000000000000000 ) ) ;
#950 = ORIENTED_EDGE ( 'NONE', *, *, #1860, .T. ) ;
#951 = VECTOR ( 'NONE', #829, 1000.000000000000000 ) ;
#952 = AXIS2_PLACEMENT_3D ( 'NONE', #1583, #588, #1851 ) ;
#953 = DIRECTION ( 'NONE',  ( 0.000000000000000000, 0.000000000000000000, -1.000000000000000000 ) ) ;
#954 = CARTESIAN_POINT ( 'NONE',  ( -3.707114550911000173, 5.687312674625502495, -1.000000000000000000 ) ) ;
#955 = PLANE ( 'NONE',  #1765 ) ;
#956 = EDGE_CURVE ( 'NONE', #1612, #966, #985, .T. ) ;
#957 = VECTOR ( 'NONE', #697, 1000.000000000000000 ) ;
#958 = VECTOR ( 'NONE', #380, 1000.000000000000000 ) ;
#959 = ORIENTED_EDGE ( 'NONE', *, *, #773, .T. ) ;
#960 = CARTESIAN_POINT ( 'NONE',  ( -11.92159551694727782, 5.987310134619924007, 1.000000000000000000 ) ) ;
#961 = EDGE_CURVE ( 'NONE', #1368, #1810, #1624, .T. ) ;
#962 = DIRECTION ( 'NONE',  ( -1.000000000000000000, 0.000000000000000000, 0.000000000000000000 ) ) ;
#963 = CARTESIAN_POINT ( 'NONE',  ( -3.707114577034329894, -5.687310134620219060, -1.000000000000000000 ) ) ;
#964 = ORIENTED_EDGE ( 'NONE', *, *, #1815, .F. ) ;
#965 = CARTESIAN_POINT ( 'NONE',  ( -15.09742951485899987, -5.123210566421000145, 0.000000000000000000 ) ) ;
#966 = VERTEX_POINT ( 'NONE', #817 ) ;
#967 = DIRECTION ( 'NONE',  ( -0.000000000000000000, -0.000000000000000000, 1.000000000000000000 ) ) ;
#968 = CARTESIAN_POINT ( 'NONE',  ( -3.813277215984249846, 3.813277215980904522, -1.000000000000000000 ) ) ;
#969 = ORIENTED_EDGE ( 'NONE', *, *, #1112, .T. ) ;
#970 = DIRECTION ( 'NONE',  ( -0.000000000000000000, 0.000000000000000000, 1.000000000000000000 ) ) ;
#971 = AXIS2_PLACEMENT_3D ( 'NONE', #28, #858, #1325 ) ;
#972 = CARTESIAN_POINT ( 'NONE',  ( -4.292903356423000361, -5.100010105917000658, 0.000000000000000000 ) ) ;
#973 = EDGE_CURVE ( 'NONE', #935, #1431, #1385, .T. ) ;
#974 = DIRECTION ( 'NONE',  ( -1.000000000000000000, 0.000000000000000000, 0.000000000000000000 ) ) ;
#975 = CARTESIAN_POINT ( 'NONE',  ( -5.111740564048909974, -5.111740564066738379, -0.000000000000000000 ) ) ;
#976 = LINE ( 'NONE', #1104, #1327 ) ;
#977 = ORIENTED_EDGE ( 'NONE', *, *, #1395, .F. ) ;
#978 = DIRECTION ( 'NONE',  ( 1.000000000000000000, 0.000000000000000000, 0.000000000000000000 ) ) ;
#979 = CARTESIAN_POINT ( 'NONE',  ( -2.357411184390742219E-06, 5.987314828560004187, 1.000000000000000000 ) ) ;
#980 = AXIS2_PLACEMENT_3D ( 'NONE', #673, #833, #130 ) ;
#981 = ORIENTED_EDGE ( 'NONE', *, *, #1453, .T. ) ;
#982 = CARTESIAN_POINT ( 'NONE',  ( -14.60251140446231410, -6.975956972506626386, 0.000000000000000000 ) ) ;
#983 = VECTOR ( 'NONE', #1527, 1000.000000000000000 ) ;
#984 = ADVANCED_FACE ( 'NONE', ( #677 ), #1407, .F. ) ;
#985 = LINE ( 'NONE', #256, #1712 ) ;
#986 = LINE ( 'NONE', #699, #1790 ) ;
#987 = EDGE_CURVE ( 'NONE', #524, #694, #1438, .T. ) ;
#988 = DIRECTION ( 'NONE',  ( -1.000000000000000000, -1.486277974578983095E-16, 0.000000000000000000 ) ) ;
#989 = FACE_OUTER_BOUND ( 'NONE', #648, .T. ) ;
#990 = SHAPE_DEFINITION_REPRESENTATION ( #195, #631 ) ;
#991 = VECTOR ( 'NONE', #1373, 1000.000000000000000 ) ;
#992 = CYLINDRICAL_SURFACE ( 'NONE', #594, 1.000000000000000000 ) ;
#993 = DIRECTION ( 'NONE',  ( -1.000000000000000000, 0.000000000000000000, 0.000000000000000000 ) ) ;
#994 = FACE_OUTER_BOUND ( 'NONE', #279, .T. ) ;
#995 = VECTOR ( 'NONE', #888, 1000.000000000000000 ) ;
#996 = ADVANCED_FACE ( 'NONE', ( #244 ), #1396, .T. ) ;
#997 = CARTESIAN_POINT ( 'NONE',  ( -0.01270256540500001516, -4.987310134620076774, 1.000000000000000000 ) ) ;
#998 = AXIS2_PLACEMENT_3D ( 'NONE', #645, #1359, #1812 ) ;
#999 = DIRECTION ( 'NONE',  ( -1.486277974578983095E-16, 1.000000000000000000, 0.000000000000000000 ) ) ;
#1000 = PLANE ( 'NONE',  #182 ) ;
#1001 = DIRECTION ( 'NONE',  ( -0.000000000000000000, -0.000000000000000000, 1.000000000000000000 ) ) ;
#1002 = ORIENTED_EDGE ( 'NONE', *, *, #1134, .F. ) ;
#1003 = CARTESIAN_POINT ( 'NONE',  ( -0.01270256540500001516, -4.987310134620076774, 1.000000000000000000 ) ) ;
#1004 = CARTESIAN_POINT ( 'NONE',  ( -1.998224325860156691E-06, 5.087314817250981669, 0.000000000000000000 ) ) ;
#1005 = CYLINDRICAL_SURFACE ( 'NONE', #891, 0.4127000795039904024 ) ;
#1006 = ORIENTED_EDGE ( 'NONE', *, *, #1458, .T. ) ;
#1007 = APPLICATION_PROTOCOL_DEFINITION ( 'draft international standard', 'automotive_design', 1998, #1808 ) ;
#1008 = CARTESIAN_POINT ( 'NONE',  ( -14.19742697485399852, -5.123210566421000145, -2.000000000000000000 ) ) ;
#1009 = DIRECTION ( 'NONE',  ( -1.000000000000000000, 0.000000000000000000, 0.000000000000000000 ) ) ;
#1010 = ORIENTED_EDGE ( 'NONE', *, *, #1575, .T. ) ;
#1011 = EDGE_CURVE ( 'NONE', #912, #78, #540, .T. ) ;
#1012 = FACE_OUTER_BOUND ( 'NONE', #578, .T. ) ;
#1013 = CARTESIAN_POINT ( 'NONE',  ( -27.75005588011200075, 6.500012700025000534, 0.000000000000000000 ) ) ;
#1014 = DIRECTION ( 'NONE',  ( 0.000000000000000000, 0.000000000000000000, -1.000000000000000000 ) ) ;
#1015 = FACE_OUTER_BOUND ( 'NONE', #350, .T. ) ;
#1016 = ORIENTED_EDGE ( 'NONE', *, *, #1152, .T. ) ;
#1017 = LINE ( 'NONE', #1746, #1309 ) ;
#1018 = EDGE_CURVE ( 'NONE', #1633, #1367, #875, .T. ) ;
#1019 = LINE ( 'NONE', #1593, #496 ) ;
#1020 = ORIENTED_EDGE ( 'NONE', *, *, #1799, .T. ) ;
#1021 = CARTESIAN_POINT ( 'NONE',  ( -2.000005080009999769, -4.000007620015000320, -1.000000000000000000 ) ) ;
#1022 = ADVANCED_FACE ( 'NONE', ( #1666 ), #1711, .F. ) ;
#1023 = CARTESIAN_POINT ( 'NONE',  ( -27.75005588011200075, -7.587315214630538485, -1.000000000000000000 ) ) ;
#1024 = CARTESIAN_POINT ( 'NONE',  ( -16.07846076050600104, -5.500007621499999111, -1.000000000000000000 ) ) ;
#1025 = DIRECTION ( 'NONE',  ( -1.000000000000000000, 1.054291558431496241E-13, 0.000000000000000000 ) ) ;
#1026 = EDGE_LOOP ( 'NONE', ( #357, #1195, #1227, #79 ) ) ;
#1027 = CARTESIAN_POINT ( 'NONE',  ( -4.292903356423000361, 5.100012645921999876, 0.000000000000000000 ) ) ;
#1028 = ORIENTED_EDGE ( 'NONE', *, *, #803, .F. ) ;
#1029 = CARTESIAN_POINT ( 'NONE',  ( -16.07846076050600104, -5.500007621499999111, 0.000000000000000000 ) ) ;
#1030 = CARTESIAN_POINT ( 'NONE',  ( -11.92159512303378577, 5.087310134620116386, 0.000000000000000000 ) ) ;
#1031 = ORIENTED_EDGE ( 'NONE', *, *, #98, .T. ) ;
#1032 = CARTESIAN_POINT ( 'NONE',  ( -4.292903356423000361, 5.100012645921999876, -1.000000000000000000 ) ) ;
#1033 = VECTOR ( 'NONE', #298, 1000.000000000000000 ) ;
#1034 = DIRECTION ( 'NONE',  ( -0.7071067811862373764, -0.7071067811868577691, 0.000000000000000000 ) ) ;
#1035 = DIRECTION ( 'NONE',  ( -8.366293884894683099E-07, -0.9999999999996500577, 0.000000000000000000 ) ) ;
#1036 = EDGE_CURVE ( 'NONE', #857, #606, #1863, .T. ) ;
#1037 = DIRECTION ( 'NONE',  ( 0.7071067811853144480, 0.7071067811877805864, 0.000000000000000000 ) ) ;
#1038 = CIRCLE ( 'NONE', #971, 0.9000025400050012392 ) ;
#1039 = VERTEX_POINT ( 'NONE', #235 ) ;
#1040 = FACE_OUTER_BOUND ( 'NONE', #1563, .T. ) ;
#1041 = CARTESIAN_POINT ( 'NONE',  ( -0.01270256540500001516, 4.987308897789034745, -1.000000000000000000 ) ) ;
#1042 = DIRECTION ( 'NONE',  ( -1.000000000000000000, 0.000000000000000000, 0.000000000000000000 ) ) ;
#1043 = ADVANCED_FACE ( 'NONE', ( #444 ), #895, .F. ) ;
#1044 = CARTESIAN_POINT ( 'NONE',  ( -3.707114423611999943, 5.100012645921999876, -1.000000000000000000 ) ) ;
#1045 = ORIENTED_EDGE ( 'NONE', *, *, #1091, .T. ) ;
#1046 = EDGE_CURVE ( 'NONE', #1075, #1641, #581, .T. ) ;
#1047 = AXIS2_PLACEMENT_3D ( 'NONE', #1032, #580, #705 ) ;
#1048 = VERTEX_POINT ( 'NONE', #291 ) ;
#1049 = ORIENTED_EDGE ( 'NONE', *, *, #1271, .T. ) ;
#1050 = CARTESIAN_POINT ( 'NONE',  ( -15.20546949903188505, -0.03135454911552244817, 1000.025000000007026 ) ) ;
#1051 = AXIS2_PLACEMENT_3D ( 'NONE', #1101, #1562, #1675 ) ;
#1052 = LINE ( 'NONE', #25, #995 ) ;
#1053 = ORIENTED_EDGE ( 'NONE', *, *, #1741, .F. ) ;
#1054 = VECTOR ( 'NONE', #456, 1000.000000000000000 ) ;
#1055 = ORIENTED_EDGE ( 'NONE', *, *, #1374, .F. ) ;
#1056 = DIRECTION ( 'NONE',  ( -1.000000000000000000, 0.000000000000000000, 0.000000000000000000 ) ) ;
#1057 = ORIENTED_EDGE ( 'NONE', *, *, #1355, .F. ) ;
#1058 = CARTESIAN_POINT ( 'NONE',  ( -5.111740564048909974, -5.111740564066738379, -1.000000000000000000 ) ) ;
#1059 = DIRECTION ( 'NONE',  ( -1.000000000000000000, 0.000000000000000000, 0.000000000000000000 ) ) ;
#1060 = ORIENTED_EDGE ( 'NONE', *, *, #1395, .T. ) ;
#1061 = EDGE_LOOP ( 'NONE', ( #285, #1055, #536, #763 ) ) ;
#1062 = LINE ( 'NONE', #1356, #738 ) ;
#1063 = EDGE_CURVE ( 'NONE', #438, #1494, #1435, .T. ) ;
#1064 = ORIENTED_EDGE ( 'NONE', *, *, #1211, .T. ) ;
#1065 = DIRECTION ( 'NONE',  ( -0.7071067811877805864, 0.7071067811853144480, 0.000000000000000000 ) ) ;
#1066 = EDGE_CURVE ( 'NONE', #545, #205, #308, .T. ) ;
#1067 =( LENGTH_UNIT ( ) NAMED_UNIT ( * ) SI_UNIT ( .MILLI., .METRE. ) );
#1068 = EDGE_LOOP ( 'NONE', ( #1098, #151, #231, #716 ) ) ;
#1069 = CARTESIAN_POINT ( 'NONE',  ( 5.638429744846290495E-16, 7.587315214630001137, -1.000000000000000000 ) ) ;
#1070 = VECTOR ( 'NONE', #384, 1000.000000000000000 ) ;
#1071 = ORIENTED_EDGE ( 'NONE', *, *, #181, .T. ) ;
#1072 = EDGE_CURVE ( 'NONE', #1377, #1368, #876, .T. ) ;
#1073 = PLANE ( 'NONE',  #709 ) ;
#1074 = AXIS2_PLACEMENT_3D ( 'NONE', #175, #1760, #1597 ) ;
#1075 = VERTEX_POINT ( 'NONE', #720 ) ;
#1076 = VERTEX_POINT ( 'NONE', #1752 ) ;
#1077 = ORIENTED_EDGE ( 'NONE', *, *, #926, .T. ) ;
#1078 = CARTESIAN_POINT ( 'NONE',  ( 2.400000163333999163E-12, 5.687312674623937525, 0.000000000000000000 ) ) ;
#1079 = PRODUCT_DEFINITION ( 'æœ', '', #1830, #1358 ) ;
#1080 = ORIENTED_EDGE ( 'NONE', *, *, #309, .F. ) ;
#1081 = DIRECTION ( 'NONE',  ( 0.000000000000000000, 0.000000000000000000, -1.000000000000000000 ) ) ;
#1082 = AXIS2_PLACEMENT_3D ( 'NONE', #1659, #1629, #501 ) ;
#1083 = LINE ( 'NONE', #915, #1233 ) ;
#1084 = ORIENTED_EDGE ( 'NONE', *, *, #926, .F. ) ;
#1085 = ORIENTED_EDGE ( 'NONE', *, *, #131, .F. ) ;
#1086 = ORIENTED_EDGE ( 'NONE', *, *, #768, .T. ) ;
#1087 = PLANE ( 'NONE',  #1848 ) ;
#1088 = ORIENTED_EDGE ( 'NONE', *, *, #1408, .F. ) ;
#1089 = PLANE ( 'NONE',  #1201 ) ;
#1090 = CARTESIAN_POINT ( 'NONE',  ( -3.813277215984249846, 3.813277215980904522, -1.000000000000000000 ) ) ;
#1091 = EDGE_CURVE ( 'NONE', #1605, #1367, #592, .T. ) ;
#1092 = LINE ( 'NONE', #963, #983 ) ;
#1093 = ORIENTED_EDGE ( 'NONE', *, *, #987, .F. ) ;
#1094 = DIRECTION ( 'NONE',  ( -1.000000000000000000, 0.000000000000000000, 0.000000000000000000 ) ) ;
#1095 = ORIENTED_EDGE ( 'NONE', *, *, #267, .T. ) ;
#1096 = DIRECTION ( 'NONE',  ( 0.000000000000000000, 1.000000000000000000, 0.000000000000000000 ) ) ;
#1097 = EDGE_CURVE ( 'NONE', #1264, #4, #5, .T. ) ;
#1098 = ORIENTED_EDGE ( 'NONE', *, *, #702, .F. ) ;
#1099 = DIRECTION ( 'NONE',  ( 0.000000000000000000, 0.000000000000000000, -1.000000000000000000 ) ) ;
#1100 =( GEOMETRIC_REPRESENTATION_CONTEXT ( 3 ) GLOBAL_UNCERTAINTY_ASSIGNED_CONTEXT ( ( #886 ) ) GLOBAL_UNIT_ASSIGNED_CONTEXT ( ( #663, #1818, #921 ) ) REPRESENTATION_CONTEXT ( 'NONE', 'WORKASPACE' ) );
#1101 = CARTESIAN_POINT ( 'NONE',  ( 0.000000000000000000, 0.000000000000000000, 1.000000000000000000 ) ) ;
#1102 = DIRECTION ( 'NONE',  ( -1.000000000000000000, 0.000000000000000000, 0.000000000000000000 ) ) ;
#1103 = VERTEX_POINT ( 'NONE', #864 ) ;
#1104 = CARTESIAN_POINT ( 'NONE',  ( 0.000000000000000000, 8.487315214630537952, -1.000000000000000000 ) ) ;
#1105 = VECTOR ( 'NONE', #295, 1000.000000000000114 ) ;
#1106 = ORIENTED_EDGE ( 'NONE', *, *, #1091, .F. ) ;
#1107 = LINE ( 'NONE', #1269, #799 ) ;
#1108 = CARTESIAN_POINT ( 'NONE',  ( -12.63768756453918662, -6.283925338718281850, 1.000000000000000000 ) ) ;
#1109 = AXIS2_PLACEMENT_3D ( 'NONE', #1155, #1569, #125 ) ;
#1110 = VERTEX_POINT ( 'NONE', #572 ) ;
#1111 = LINE ( 'NONE', #1811, #1560 ) ;
#1112 = EDGE_CURVE ( 'NONE', #1247, #1497, #1330, .T. ) ;
#1113 = CARTESIAN_POINT ( 'NONE',  ( -29.73735839471699904, 6.500012700025000534, 1.000000000000000000 ) ) ;
#1114 = DIRECTION ( 'NONE',  ( -0.000000000000000000, -0.000000000000000000, 1.000000000000000000 ) ) ;
#1115 = CARTESIAN_POINT ( 'NONE',  ( -27.75005588011200075, 7.587315214630002913, -1.000000000000000000 ) ) ;
#1116 = FACE_OUTER_BOUND ( 'NONE', #1389, .T. ) ;
#1117 = ORIENTED_EDGE ( 'NONE', *, *, #309, .T. ) ;
#1118 = CYLINDRICAL_SURFACE ( 'NONE', #1378, 1.912707643930864787 ) ;
#1119 = CARTESIAN_POINT ( 'NONE',  ( -1.998224325860156691E-06, 5.087314817250981669, -1.000000000000000000 ) ) ;
#1120 = VECTOR ( 'NONE', #31, 1000.000000000000114 ) ;
#1121 = ORIENTED_EDGE ( 'NONE', *, *, #1097, .T. ) ;
#1122 = EDGE_CURVE ( 'NONE', #506, #253, #1156, .T. ) ;
#1123 = DIRECTION ( 'NONE',  ( -0.000000000000000000, -0.000000000000000000, 1.000000000000000000 ) ) ;
#1124 = VECTOR ( 'NONE', #174, 1000.000000000000000 ) ;
#1125 = EDGE_CURVE ( 'NONE', #45, #902, #163, .T. ) ;
#1126 = DIRECTION ( 'NONE',  ( 1.000000000000000000, 0.000000000000000000, 0.000000000000000000 ) ) ;
#1127 = CARTESIAN_POINT ( 'NONE',  ( -11.92159551694727959, 5.987310134619924007, -1.000000000000000000 ) ) ;
#1128 = DIRECTION ( 'NONE',  ( -0.000000000000000000, -0.000000000000000000, 1.000000000000000000 ) ) ;
#1129 = CARTESIAN_POINT ( 'NONE',  ( -16.07846075694400056, -8.487315214629999716, 1.000000000000000000 ) ) ;
#1130 = VECTOR ( 'NONE', #1140, 1000.000000000000000 ) ;
#1131 = AXIS2_PLACEMENT_3D ( 'NONE', #24, #1287, #562 ) ;
#1132 = ORIENTED_EDGE ( 'NONE', *, *, #385, .F. ) ;
#1133 = CARTESIAN_POINT ( 'NONE',  ( -3.813277215977636470, -3.813277215978043255, -0.000000000000000000 ) ) ;
#1134 = EDGE_CURVE ( 'NONE', #776, #1160, #1272, .T. ) ;
#1135 = CARTESIAN_POINT ( 'NONE',  ( -3.707114423611999943, 5.100012645921999876, 0.000000000000000000 ) ) ;
#1136 = DIRECTION ( 'NONE',  ( 0.000000000000000000, 0.000000000000000000, -1.000000000000000000 ) ) ;
#1137 = VECTOR ( 'NONE', #152, 1000.000000000000114 ) ;
#1138 = DIRECTION ( 'NONE',  ( 0.000000000000000000, 1.000000000000000000, -0.000000000000000000 ) ) ;
#1139 = CARTESIAN_POINT ( 'NONE',  ( -11.92159512303378577, 5.087310134620116386, -1.000000000000000000 ) ) ;
#1140 = DIRECTION ( 'NONE',  ( -1.000000000000000000, 1.199345540860804771E-13, 0.000000000000000000 ) ) ;
#1141 = AXIS2_PLACEMENT_3D ( 'NONE', #698, #707, #364 ) ;
#1142 = CYLINDRICAL_SURFACE ( 'NONE', #766, 1.012707643930884194 ) ;
#1143 = VECTOR ( 'NONE', #823, 1000.000000000000000 ) ;
#1144 = ORIENTED_EDGE ( 'NONE', *, *, #230, .F. ) ;
#1145 = LINE ( 'NONE', #737, #227 ) ;
#1146 = CARTESIAN_POINT ( 'NONE',  ( -15.99743205486400122, -5.123210566421000145, -2.000000000000000000 ) ) ;
#1147 = AXIS2_PLACEMENT_3D ( 'NONE', #42, #749, #856 ) ;
#1148 = DIRECTION ( 'NONE',  ( 0.000000000000000000, 0.000000000000000000, -1.000000000000000000 ) ) ;
#1149 = AXIS2_PLACEMENT_3D ( 'NONE', #1353, #475, #908 ) ;
#1150 = CARTESIAN_POINT ( 'NONE',  ( -2.000005080009999769, -5.087310134620000035, 0.000000000000000000 ) ) ;
#1151 = ORIENTED_EDGE ( 'NONE', *, *, #336, .T. ) ;
#1152 = EDGE_CURVE ( 'NONE', #589, #1419, #602, .T. ) ;
#1153 = DIRECTION ( 'NONE',  ( 1.000000000000000000, 0.000000000000000000, 0.000000000000000000 ) ) ;
#1154 = ORIENTED_EDGE ( 'NONE', *, *, #1066, .T. ) ;
#1155 = CARTESIAN_POINT ( 'NONE',  ( -16.07846076050600104, -5.500007621499999111, -1.000000000000000000 ) ) ;
#1156 = LINE ( 'NONE', #1579, #1033 ) ;
#1157 = LINE ( 'NONE', #447, #1299 ) ;
#1158 = EDGE_CURVE ( 'NONE', #1431, #1377, #933, .T. ) ;
#1159 = CARTESIAN_POINT ( 'NONE',  ( 0.000000000000000000, 0.000000000000000000, -2.000000000000000000 ) ) ;
#1160 = VERTEX_POINT ( 'NONE', #455 ) ;
#1161 = DIRECTION ( 'NONE',  ( 0.7071067811868210207, -0.7071067811862740138, 0.000000000000000000 ) ) ;
#1162 = EDGE_CURVE ( 'NONE', #1796, #1789, #1176, .T. ) ;
#1163 = DIRECTION ( 'NONE',  ( 1.000000000000000000, -7.431389872894915474E-17, 0.000000000000000000 ) ) ;
#1164 = ORIENTED_EDGE ( 'NONE', *, *, #1822, .F. ) ;
#1165 = CARTESIAN_POINT ( 'NONE',  ( 1.111732944043710702, 1.111732944044869331, 0.000000000000000000 ) ) ;
#1166 = CARTESIAN_POINT ( 'NONE',  ( -2.357411184390742219E-06, 5.987314828560004187, -1.000000000000000000 ) ) ;
#1167 = CIRCLE ( 'NONE', #20, 1.087302514605269943 ) ;
#1168 = CYLINDRICAL_SURFACE ( 'NONE', #637, 1.987302514605267856 ) ;
#1169 = DIRECTION ( 'NONE',  ( 1.054291558431496241E-13, 1.000000000000000000, 0.000000000000000000 ) ) ;
#1170 = LINE ( 'NONE', #587, #1362 ) ;
#1171 = CARTESIAN_POINT ( 'NONE',  ( -2.692897314020000099, 5.500012537527999790, -1.000000000000000000 ) ) ;
#1172 = ORIENTED_EDGE ( 'NONE', *, *, #1328, .F. ) ;
#1173 = VECTOR ( 'NONE', #114, 1000.000000000000000 ) ;
#1174 = CARTESIAN_POINT ( 'NONE',  ( -29.73735839471699904, 7.936306604547580772E-15, -1.000000000000000000 ) ) ;
#1175 = EDGE_CURVE ( 'NONE', #253, #966, #282, .T. ) ;
#1176 = LINE ( 'NONE', #1023, #301 ) ;
#1177 = PLANE ( 'NONE',  #1628 ) ;
#1178 = ORIENTED_EDGE ( 'NONE', *, *, #1512, .F. ) ;
#1179 = CARTESIAN_POINT ( 'NONE',  ( -3.176881112915789007, -3.176881112913133798, 1.000000000000000000 ) ) ;
#1180 = ORIENTED_EDGE ( 'NONE', *, *, #419, .F. ) ;
#1181 = ADVANCED_FACE ( 'NONE', ( #1587 ), #1308, .T. ) ;
#1182 = CARTESIAN_POINT ( 'NONE',  ( -13.27408366760733927, 5.647529235650649682, -1.000000000000000000 ) ) ;
#1183 = AXIS2_PLACEMENT_3D ( 'NONE', #1443, #154, #183 ) ;
#1184 = DIRECTION ( 'NONE',  ( 0.000000000000000000, 0.000000000000000000, -1.000000000000000000 ) ) ;
#1185 = EDGE_CURVE ( 'NONE', #1442, #1509, #1318, .T. ) ;
#1186 = DIRECTION ( 'NONE',  ( 1.000000000000000000, -4.219919495621356152E-13, 0.000000000000000000 ) ) ;
#1187 = FACE_OUTER_BOUND ( 'NONE', #21, .T. ) ;
#1188 = ORIENTED_EDGE ( 'NONE', *, *, #1780, .T. ) ;
#1189 = ORIENTED_EDGE ( 'NONE', *, *, #471, .F. ) ;
#1190 = DIRECTION ( 'NONE',  ( -1.000000000000000000, 0.000000000000000000, 0.000000000000000000 ) ) ;
#1191 = ORIENTED_EDGE ( 'NONE', *, *, #1158, .T. ) ;
#1192 = EDGE_CURVE ( 'NONE', #1528, #1626, #1745, .T. ) ;
#1193 = CARTESIAN_POINT ( 'NONE',  ( -13.96611530139418456, 7.612353075574280759, -1.000000000000000000 ) ) ;
#1194 = CARTESIAN_POINT ( 'NONE',  ( -5.111740564048909974, -5.111740564066738379, -1.000000000000000000 ) ) ;
#1195 = ORIENTED_EDGE ( 'NONE', *, *, #143, .F. ) ;
#1196 = AXIS2_PLACEMENT_3D ( 'NONE', #906, #1534, #48 ) ;
#1197 = ORIENTED_EDGE ( 'NONE', *, *, #259, .F. ) ;
#1198 = CARTESIAN_POINT ( 'NONE',  ( -27.75005588011200075, -8.487315214630003268, -1.000000000000000000 ) ) ;
#1199 = ORIENTED_EDGE ( 'NONE', *, *, #684, .F. ) ;
#1200 = AXIS2_PLACEMENT_3D ( 'NONE', #972, #1254, #1550 ) ;
#1201 = AXIS2_PLACEMENT_3D ( 'NONE', #642, #1673, #498 ) ;
#1202 = AXIS2_PLACEMENT_3D ( 'NONE', #1021, #1596, #425 ) ;
#1203 = SURFACE_SIDE_STYLE ('',( #1792 ) ) ;
#1204 = AXIS2_PLACEMENT_3D ( 'NONE', #1703, #967, #978 ) ;
#1205 = VERTEX_POINT ( 'NONE', #57 ) ;
#1206 = DIRECTION ( 'NONE',  ( 1.000000000000000000, -4.219919495621356152E-13, 0.000000000000000000 ) ) ;
#1207 = EDGE_CURVE ( 'NONE', #857, #1488, #924, .T. ) ;
#1208 = ORIENTED_EDGE ( 'NONE', *, *, #961, .F. ) ;
#1209 =( NAMED_UNIT ( * ) SI_UNIT ( $, .STERADIAN. ) SOLID_ANGLE_UNIT ( ) );
#1210 = ORIENTED_EDGE ( 'NONE', *, *, #209, .T. ) ;
#1211 = EDGE_CURVE ( 'NONE', #1508, #1605, #525, .T. ) ;
#1212 = ORIENTED_EDGE ( 'NONE', *, *, #900, .T. ) ;
#1213 = CARTESIAN_POINT ( 'NONE',  ( -16.07846076050600104, -5.500007621499999111, 1.000000000000000000 ) ) ;
#1214 = AXIS2_PLACEMENT_3D ( 'NONE', #797, #1797, #762 ) ;
#1215 = ORIENTED_EDGE ( 'NONE', *, *, #653, .F. ) ;
#1216 = ADVANCED_FACE ( 'NONE', ( #423 ), #272, .T. ) ;
#1217 = VECTOR ( 'NONE', #812, 1000.000000000000000 ) ;
#1218 = ORIENTED_EDGE ( 'NONE', *, *, #526, .T. ) ;
#1219 = ORIENTED_EDGE ( 'NONE', *, *, #922, .F. ) ;
#1220 = LINE ( 'NONE', #53, #547 ) ;
#1221 = ORIENTED_EDGE ( 'NONE', *, *, #70, .F. ) ;
#1222 = LINE ( 'NONE', #1523, #1173 ) ;
#1223 = CARTESIAN_POINT ( 'NONE',  ( -29.73735839471700260, -6.500012700025000534, 1.000000000000000000 ) ) ;
#1224 = AXIS2_PLACEMENT_3D ( 'NONE', #1266, #1081, #1656 ) ;
#1225 = VERTEX_POINT ( 'NONE', #19 ) ;
#1226 = ORIENTED_EDGE ( 'NONE', *, *, #1301, .T. ) ;
#1227 = ORIENTED_EDGE ( 'NONE', *, *, #1799, .F. ) ;
#1228 = CARTESIAN_POINT ( 'NONE',  ( -3.707114577034329894, -5.687310134620219060, -1.000000000000000000 ) ) ;
#1229 = VECTOR ( 'NONE', #1096, 1000.000000000000000 ) ;
#1230 = ORIENTED_EDGE ( 'NONE', *, *, #1815, .T. ) ;
#1231 = LINE ( 'NONE', #76, #1713 ) ;
#1232 = EDGE_CURVE ( 'NONE', #1075, #774, #1315, .T. ) ;
#1233 = VECTOR ( 'NONE', #1493, 1000.000000000000000 ) ;
#1234 = DIRECTION ( 'NONE',  ( 1.000000000000000000, 1.352583071298845202E-16, 0.000000000000000000 ) ) ;
#1235 = DIRECTION ( 'NONE',  ( 0.000000000000000000, 0.000000000000000000, -1.000000000000000000 ) ) ;
#1236 = ORIENTED_EDGE ( 'NONE', *, *, #123, .F. ) ;
#1237 = ADVANCED_FACE ( 'NONE', ( #703 ), #714, .T. ) ;
#1238 = ORIENTED_EDGE ( 'NONE', *, *, #1842, .T. ) ;
#1239 = LINE ( 'NONE', #111, #1130 ) ;
#1240 = DIRECTION ( 'NONE',  ( 1.000000000000000000, -0.000000000000000000, 0.000000000000000000 ) ) ;
#1241 = ORIENTED_EDGE ( 'NONE', *, *, #1185, .T. ) ;
#1242 = CARTESIAN_POINT ( 'NONE',  ( -27.75005588011200075, 8.487315214630537952, 1.000000000000000000 ) ) ;
#1243 = CARTESIAN_POINT ( 'NONE',  ( -12.63768756327239196, 6.283925337451212734, -1.000000000000000000 ) ) ;
#1244 = DIRECTION ( 'NONE',  ( -0.000000000000000000, -0.000000000000000000, 1.000000000000000000 ) ) ;
#1245 = VERTEX_POINT ( 'NONE', #132 ) ;
#1246 = LINE ( 'NONE', #521, #435 ) ;
#1247 = VERTEX_POINT ( 'NONE', #287 ) ;
#1248 = LINE ( 'NONE', #1728, #1143 ) ;
#1249 = DIRECTION ( 'NONE',  ( -0.000000000000000000, -0.000000000000000000, 1.000000000000000000 ) ) ;
#1250 = EDGE_CURVE ( 'NONE', #1755, #4, #695, .T. ) ;
#1251 = ORIENTED_EDGE ( 'NONE', *, *, #1185, .F. ) ;
#1252 = DIRECTION ( 'NONE',  ( -1.000000000000000000, 0.000000000000000000, -0.000000000000000000 ) ) ;
#1253 = AXIS2_PLACEMENT_3D ( 'NONE', #369, #1498, #1616 ) ;
#1254 = DIRECTION ( 'NONE',  ( 0.000000000000000000, 0.000000000000000000, -1.000000000000000000 ) ) ;
#1255 = LINE ( 'NONE', #511, #1793 ) ;
#1256 = LINE ( 'NONE', #1837, #167 ) ;
#1257 = DIRECTION ( 'NONE',  ( 0.000000000000000000, 0.000000000000000000, -1.000000000000000000 ) ) ;
#1258 = VECTOR ( 'NONE', #1163, 1000.000000000000000 ) ;
#1259 = EDGE_CURVE ( 'NONE', #1509, #638, #1424, .T. ) ;
#1260 = ORIENTED_EDGE ( 'NONE', *, *, #1485, .T. ) ;
#1261 = LINE ( 'NONE', #532, #375 ) ;
#1262 = DIRECTION ( 'NONE',  ( 3.937342952379097787E-07, -0.9999999999999225064, 0.000000000000000000 ) ) ;
#1263 = DIRECTION ( 'NONE',  ( 1.000000000000000000, 0.000000000000000000, 0.000000000000000000 ) ) ;
#1264 = VERTEX_POINT ( 'NONE', #1030 ) ;
#1265 = EDGE_CURVE ( 'NONE', #1264, #200, #861, .T. ) ;
#1266 = CARTESIAN_POINT ( 'NONE',  ( -5.307116963617000138, 5.500012754129000037, 0.000000000000000000 ) ) ;
#1267 = CARTESIAN_POINT ( 'NONE',  ( -5.307116963617000138, 5.500012754129000037, -1.000000000000000000 ) ) ;
#1268 = DIRECTION ( 'NONE',  ( 0.7071067811869159447, -0.7071067811861789787, 0.000000000000000000 ) ) ;
#1269 = CARTESIAN_POINT ( 'NONE',  ( 2.400000163333999163E-12, 5.687312674623937525, -1.000000000000000000 ) ) ;
#1270 = DIRECTION ( 'NONE',  ( 1.000000000000000000, 0.000000000000000000, 0.000000000000000000 ) ) ;
#1271 = EDGE_CURVE ( 'NONE', #26, #1644, #440, .T. ) ;
#1272 = CIRCLE ( 'NONE', #1658, 1.087302514605037906 ) ;
#1273 = ORIENTED_EDGE ( 'NONE', *, *, #618, .F. ) ;
#1274 = DIRECTION ( 'NONE',  ( 0.000000000000000000, 0.000000000000000000, -1.000000000000000000 ) ) ;
#1275 = CARTESIAN_POINT ( 'NONE',  ( -5.307117071428539390, -5.087310134620697255, -1.000000000000000000 ) ) ;
#1276 = AXIS2_PLACEMENT_3D ( 'NONE', #289, #297, #307 ) ;
#1277 = DIRECTION ( 'NONE',  ( -0.000000000000000000, -0.000000000000000000, 1.000000000000000000 ) ) ;
#1278 = EDGE_LOOP ( 'NONE', ( #296, #44, #1060, #221 ) ) ;
#1279 = DIRECTION ( 'NONE',  ( -1.000000000000000000, 0.000000000000000000, 0.000000000000000000 ) ) ;
#1280 = DIRECTION ( 'NONE',  ( 0.9999999999999229505, 3.927856634867698791E-07, 0.000000000000000000 ) ) ;
#1281 = VECTOR ( 'NONE', #507, 1000.000000000000000 ) ;
#1282 = CARTESIAN_POINT ( 'NONE',  ( 5.638429744846290495E-16, 7.587315214630001137, -1.000000000000000000 ) ) ;
#1283 = ORIENTED_EDGE ( 'NONE', *, *, #201, .F. ) ;
#1284 = FACE_OUTER_BOUND ( 'NONE', #1590, .T. ) ;
#1285 = AXIS2_PLACEMENT_3D ( 'NONE', #1483, #229, #753 ) ;
#1286 = DIRECTION ( 'NONE',  ( 1.000000000000000000, 0.000000000000000000, 0.000000000000000000 ) ) ;
#1287 = DIRECTION ( 'NONE',  ( -0.7071067811861790897, -0.7071067811869160558, 0.000000000000000000 ) ) ;
#1288 = EDGE_CURVE ( 'NONE', #910, #589, #138, .T. ) ;
#1289 = DIRECTION ( 'NONE',  ( 0.000000000000000000, 0.000000000000000000, -1.000000000000000000 ) ) ;
#1290 = SHAPE_DEFINITION_REPRESENTATION ( #690, #1292 ) ;
#1291 = AXIS2_PLACEMENT_3D ( 'NONE', #772, #67, #634 ) ;
#1292 = SHAPE_REPRESENTATION ( '\X2\591658f3\X0\', ( #137 ), #1100 ) ;
#1293 = CARTESIAN_POINT ( 'NONE',  ( 5.009157873013454493E-06, 5.987308050528466374, 1.000000000000000000 ) ) ;
#1294 = AXIS2_PLACEMENT_3D ( 'NONE', #1557, #672, #1716 ) ;
#1295 = ORIENTED_EDGE ( 'NONE', *, *, #477, .T. ) ;
#1296 = DIRECTION ( 'NONE',  ( 1.000000000000000000, 0.000000000000000000, 0.000000000000000000 ) ) ;
#1297 = EDGE_CURVE ( 'NONE', #1644, #1368, #859, .T. ) ;
#1298 = CARTESIAN_POINT ( 'NONE',  ( 5.638429744846290495E-16, 7.587315214630001137, 0.000000000000000000 ) ) ;
#1299 = VECTOR ( 'NONE', #896, 1000.000000000000114 ) ;
#1300 = DIRECTION ( 'NONE',  ( 0.9999999999996499467, -8.366293884894682040E-07, 0.000000000000000000 ) ) ;
#1301 = EDGE_CURVE ( 'NONE', #916, #45, #1774, .T. ) ;
#1302 = ORIENTED_EDGE ( 'NONE', *, *, #1036, .F. ) ;
#1303 = APPLICATION_PROTOCOL_DEFINITION ( 'draft international standard', 'automotive_design', 1998, #1715 ) ;
#1304 = DIRECTION ( 'NONE',  ( -0.000000000000000000, 0.000000000000000000, 1.000000000000000000 ) ) ;
#1305 = CARTESIAN_POINT ( 'NONE',  ( -5.307117071428539390, -5.087310134620697255, -1.000000000000000000 ) ) ;
#1306 = ORIENTED_EDGE ( 'NONE', *, *, #1429, .T. ) ;
#1307 = LINE ( 'NONE', #281, #957 ) ;
#1308 = CYLINDRICAL_SURFACE ( 'NONE', #1074, 0.9000025400050012392 ) ;
#1309 = VECTOR ( 'NONE', #10, 1000.000000000000000 ) ;
#1310 = FACE_OUTER_BOUND ( 'NONE', #1737, .T. ) ;
#1311 = LINE ( 'NONE', #1333, #1465 ) ;
#1312 = ORIENTED_EDGE ( 'NONE', *, *, #300, .T. ) ;
#1313 = EDGE_CURVE ( 'NONE', #1076, #1796, #1019, .T. ) ;
#1314 = VECTOR ( 'NONE', #1700, 1000.000000000000114 ) ;
#1315 = LINE ( 'NONE', #405, #1674 ) ;
#1316 = ORIENTED_EDGE ( 'NONE', *, *, #233, .T. ) ;
#1317 = LINE ( 'NONE', #847, #1137 ) ;
#1318 = LINE ( 'NONE', #418, #1525 ) ;
#1319 = CIRCLE ( 'NONE', #491, 0.5873000287038931955 ) ;
#1320 = DIRECTION ( 'NONE',  ( -0.000000000000000000, -0.000000000000000000, 1.000000000000000000 ) ) ;
#1321 = LINE ( 'NONE', #1588, #500 ) ;
#1322 = CARTESIAN_POINT ( 'NONE',  ( -13.96611530139418456, 7.612353075574281647, 1.000000000000000000 ) ) ;
#1323 = ORIENTED_EDGE ( 'NONE', *, *, #586, .F. ) ;
#1324 = EDGE_CURVE ( 'NONE', #339, #1487, #1731, .T. ) ;
#1325 = DIRECTION ( 'NONE',  ( 1.000000000000000000, 0.000000000000000000, 0.000000000000000000 ) ) ;
#1326 = ORIENTED_EDGE ( 'NONE', *, *, #1011, .F. ) ;
#1327 = VECTOR ( 'NONE', #1530, 1000.000000000000000 ) ;
#1328 = EDGE_CURVE ( 'NONE', #1810, #200, #569, .T. ) ;
#1329 = DIRECTION ( 'NONE',  ( -0.000000000000000000, -0.000000000000000000, 1.000000000000000000 ) ) ;
#1330 = LINE ( 'NONE', #1451, #1844 ) ;
#1331 = CARTESIAN_POINT ( 'NONE',  ( -14.60251140446231410, -6.975956972506626386, -1.000000000000000000 ) ) ;
#1332 = LINE ( 'NONE', #1436, #329 ) ;
#1333 = CARTESIAN_POINT ( 'NONE',  ( -6.821050049449756194E-13, -5.687310134620664037, -0.000000000000000000 ) ) ;
#1334 = VERTEX_POINT ( 'NONE', #150 ) ;
#1335 = AXIS2_PLACEMENT_3D ( 'NONE', #582, #1169, #1025 ) ;
#1336 = ORIENTED_EDGE ( 'NONE', *, *, #866, .F. ) ;
#1337 = EDGE_CURVE ( 'NONE', #113, #935, #278, .T. ) ;
#1338 = ORIENTED_EDGE ( 'NONE', *, *, #1324, .T. ) ;
#1339 = LINE ( 'NONE', #91, #1586 ) ;
#1340 = CARTESIAN_POINT ( 'NONE',  ( -16.07846075694400056, -8.487315214629999716, 1.000000000000000000 ) ) ;
#1341 = PLANE ( 'NONE',  #2 ) ;
#1342 = ORIENTED_EDGE ( 'NONE', *, *, #267, .F. ) ;
#1343 = ORIENTED_EDGE ( 'NONE', *, *, #1337, .F. ) ;
#1344 = DIRECTION ( 'NONE',  ( 0.000000000000000000, 0.000000000000000000, -1.000000000000000000 ) ) ;
#1345 = ORIENTED_EDGE ( 'NONE', *, *, #1207, .F. ) ;
#1346 = ADVANCED_FACE ( 'NONE', ( #1708 ), #992, .T. ) ;
#1347 = VERTEX_POINT ( 'NONE', #555 ) ;
#1348 = LINE ( 'NONE', #1078, #1767 ) ;
#1349 = VERTEX_POINT ( 'NONE', #1305 ) ;
#1350 = CARTESIAN_POINT ( 'NONE',  ( -28.83735839471700046, 0.000000000000000000, -1.000000000000000000 ) ) ;
#1351 = CIRCLE ( 'NONE', #1224, 0.4127000830207302462 ) ;
#1352 = ADVANCED_FACE ( 'NONE', ( #871 ), #1142, .F. ) ;
#1353 = CARTESIAN_POINT ( 'NONE',  ( -4.292903356423000361, 5.100012645921999876, -1.000000000000000000 ) ) ;
#1354 = ORIENTED_EDGE ( 'NONE', *, *, #1018, .F. ) ;
#1355 = EDGE_CURVE ( 'NONE', #1103, #1347, #1246, .T. ) ;
#1356 = CARTESIAN_POINT ( 'NONE',  ( -2.000005080009999769, -5.087310134620000035, -1.000000000000000000 ) ) ;
#1357 = EDGE_LOOP ( 'NONE', ( #1584, #314, #1197, #337 ) ) ;
#1358 = PRODUCT_DEFINITION_CONTEXT ( 'detailed design', #226, 'design' ) ;
#1359 = DIRECTION ( 'NONE',  ( -0.000000000000000000, -0.000000000000000000, 1.000000000000000000 ) ) ;
#1360 = ORIENTED_EDGE ( 'NONE', *, *, #1747, .F. ) ;
#1361 = DIRECTION ( 'NONE',  ( -1.000000000000000000, 0.000000000000000000, 0.000000000000000000 ) ) ;
#1362 = VECTOR ( 'NONE', #1592, 1000.000000000000114 ) ;
#1363 = ADVANCED_FACE ( 'NONE', ( #1116 ), #1679, .T. ) ;
#1364 = ORIENTED_EDGE ( 'NONE', *, *, #834, .T. ) ;
#1365 = CIRCLE ( 'NONE', #1459, 2.087307593130138805 ) ;
#1366 = SURFACE_STYLE_USAGE ( .BOTH. , #1203 ) ;
#1367 = VERTEX_POINT ( 'NONE', #1542 ) ;
#1368 = VERTEX_POINT ( 'NONE', #367 ) ;
#1369 = DIRECTION ( 'NONE',  ( -1.000000000000000000, 0.000000000000000000, -0.000000000000000000 ) ) ;
#1370 = EDGE_CURVE ( 'NONE', #570, #1494, #265, .T. ) ;
#1371 = VECTOR ( 'NONE', #1425, 1000.000000000000000 ) ;
#1372 = EDGE_LOOP ( 'NONE', ( #929, #1653, #788, #303 ) ) ;
#1373 = DIRECTION ( 'NONE',  ( 1.000000000000000000, 1.486277974578983095E-16, 0.000000000000000000 ) ) ;
#1374 = EDGE_CURVE ( 'NONE', #210, #524, #976, .T. ) ;
#1375 = AXIS2_PLACEMENT_3D ( 'NONE', #1570, #1526, #962 ) ;
#1376 = LINE ( 'NONE', #86, #184 ) ;
#1377 = VERTEX_POINT ( 'NONE', #808 ) ;
#1378 = AXIS2_PLACEMENT_3D ( 'NONE', #811, #120, #135 ) ;
#1379 = VERTEX_POINT ( 'NONE', #1388 ) ;
#1380 = LINE ( 'NONE', #954, #88 ) ;
#1381 = DIRECTION ( 'NONE',  ( 0.7071067811862740138, 0.7071067811868211317, 0.000000000000000000 ) ) ;
#1382 = ORIENTED_EDGE ( 'NONE', *, *, #16, .T. ) ;
#1383 = CARTESIAN_POINT ( 'NONE',  ( -28.83735839471700046, 6.500012700025000534, 0.000000000000000000 ) ) ;
#1384 = COLOUR_RGB ( '',0.7921568627450980005, 0.8196078431372548767, 0.9333333333333333481 ) ;
#1385 = LINE ( 'NONE', #105, #951 ) ;
#1386 = CARTESIAN_POINT ( 'NONE',  ( -1.012702565404999921, -5.987310134620076774, 1.000000000000000000 ) ) ;
#1387 = VERTEX_POINT ( 'NONE', #669 ) ;
#1388 = CARTESIAN_POINT ( 'NONE',  ( -11.92159512142088751, -5.987310134620078550, 1.000000000000000000 ) ) ;
#1389 = EDGE_LOOP ( 'NONE', ( #1189, #1088, #927, #472 ) ) ;
#1390 = CARTESIAN_POINT ( 'NONE',  ( -5.306884993771173065, 5.087312732783423108, -1.000000000000000000 ) ) ;
#1391 = DIRECTION ( 'NONE',  ( -0.7071067811868577691, 0.7071067811862373764, 0.000000000000000000 ) ) ;
#1392 = DIRECTION ( 'NONE',  ( 0.000000000000000000, 0.000000000000000000, -1.000000000000000000 ) ) ;
#1393 = ORIENTED_EDGE ( 'NONE', *, *, #1271, .F. ) ;
#1394 = CARTESIAN_POINT ( 'NONE',  ( -11.92159512321299886, -5.087310134620000035, -1.000000000000000000 ) ) ;
#1395 = EDGE_CURVE ( 'NONE', #1796, #113, #115, .T. ) ;
#1396 = CYLINDRICAL_SURFACE ( 'NONE', #353, 0.4127000830207302462 ) ;
#1397 = CARTESIAN_POINT ( 'NONE',  ( -5.015294015038431752, 5.208189653081643833, -1.000000000000000000 ) ) ;
#1398 = LINE ( 'NONE', #107, #1314 ) ;
#1399 = DIRECTION ( 'NONE',  ( -1.000000000000000000, 0.000000000000000000, 0.000000000000000000 ) ) ;
#1400 = EDGE_CURVE ( 'NONE', #1110, #796, #1222, .T. ) ;
#1401 = ORIENTED_EDGE ( 'NONE', *, *, #123, .T. ) ;
#1402 = DIRECTION ( 'NONE',  ( 1.000000000000000000, 0.000000000000000000, 0.000000000000000000 ) ) ;
#1403 = CARTESIAN_POINT ( 'NONE',  ( -14.19742697485399852, -5.123210566421000145, 0.000000000000000000 ) ) ;
#1404 = ORIENTED_EDGE ( 'NONE', *, *, #630, .F. ) ;
#1405 = AXIS2_PLACEMENT_3D ( 'NONE', #509, #1697, #527 ) ;
#1406 = CARTESIAN_POINT ( 'NONE',  ( -5.015294015038431752, 5.208189653081643833, -1.000000000000000000 ) ) ;
#1407 = CYLINDRICAL_SURFACE ( 'NONE', #406, 0.5873000287032140720 ) ;
#1408 = EDGE_CURVE ( 'NONE', #1076, #1803, #254, .T. ) ;
#1409 = DIRECTION ( 'NONE',  ( -0.7071067811877805864, 0.7071067811853144480, 0.000000000000000000 ) ) ;
#1410 = DIRECTION ( 'NONE',  ( 2.303730860562046107E-14, 1.000000000000000000, 0.000000000000000000 ) ) ;
#1411 = AXIS2_PLACEMENT_3D ( 'NONE', #846, #1274, #1748 ) ;
#1412 = CARTESIAN_POINT ( 'NONE',  ( -14.60251140433618389, 6.975956972379353971, -1.000000000000000000 ) ) ;
#1413 = DIRECTION ( 'NONE',  ( -0.7071067811862373764, -0.7071067811868577691, 0.000000000000000000 ) ) ;
#1414 = EDGE_CURVE ( 'NONE', #493, #488, #1801, .T. ) ;
#1415 = EDGE_LOOP ( 'NONE', ( #1002, #731, #242, #822 ) ) ;
#1416 = CARTESIAN_POINT ( 'NONE',  ( -28.83735839471700046, 0.000000000000000000, -1.000000000000000000 ) ) ;
#1417 = CARTESIAN_POINT ( 'NONE',  ( -12.63768756453918840, -6.283925338718286291, -1.000000000000000000 ) ) ;
#1418 = DIRECTION ( 'NONE',  ( -0.000000000000000000, -0.000000000000000000, -1.000000000000000000 ) ) ;
#1419 = VERTEX_POINT ( 'NONE', #960 ) ;
#1420 = VERTEX_POINT ( 'NONE', #394 ) ;
#1421 = DIRECTION ( 'NONE',  ( 1.000000000000000000, 0.000000000000000000, 0.000000000000000000 ) ) ;
#1422 = CARTESIAN_POINT ( 'NONE',  ( -29.73735839471700260, -6.500012700025000534, -1.000000000000000000 ) ) ;
#1423 = AXIS2_PLACEMENT_3D ( 'NONE', #409, #134, #1286 ) ;
#1424 = LINE ( 'NONE', #3, #1648 ) ;
#1425 = DIRECTION ( 'NONE',  ( 1.000000000000000000, -0.000000000000000000, 0.000000000000000000 ) ) ;
#1426 = DIRECTION ( 'NONE',  ( -1.000000000000000000, 0.000000000000000000, 0.000000000000000000 ) ) ;
#1427 = DIRECTION ( 'NONE',  ( 1.000000000000000000, 0.000000000000000000, 0.000000000000000000 ) ) ;
#1428 = ORIENTED_EDGE ( 'NONE', *, *, #1297, .T. ) ;
#1429 = EDGE_CURVE ( 'NONE', #1660, #545, #676, .T. ) ;
#1430 = CARTESIAN_POINT ( 'NONE',  ( -2.984723793756369314, 5.208189681840679874, -1.000000000000000000 ) ) ;
#1431 = VERTEX_POINT ( 'NONE', #1383 ) ;
#1432 = CARTESIAN_POINT ( 'NONE',  ( 0.000000000000000000, 5.987310134620000390, -1.000000000000000000 ) ) ;
#1433 = AXIS2_PLACEMENT_3D ( 'NONE', #463, #328, #1637 ) ;
#1434 = ADVANCED_FACE ( 'NONE', ( #1561 ), #1089, .F. ) ;
#1435 = LINE ( 'NONE', #1146, #213 ) ;
#1436 = CARTESIAN_POINT ( 'NONE',  ( -5.363508130054190634E-13, -5.087310134621256807, -1.000000000000000000 ) ) ;
#1437 = ORIENTED_EDGE ( 'NONE', *, *, #1517, .F. ) ;
#1438 = CIRCLE ( 'NONE', #647, 2.987307593130809735 ) ;
#1439 = DIRECTION ( 'NONE',  ( -0.7071067811862520314, 0.7071067811868430031, 0.000000000000000000 ) ) ;
#1440 = VECTOR ( 'NONE', #1606, 1000.000000000000000 ) ;
#1441 = CARTESIAN_POINT ( 'NONE',  ( -11.92159511960599971, 7.000017778551000269, -1.000000000000000000 ) ) ;
#1442 = VERTEX_POINT ( 'NONE', #537 ) ;
#1443 = CARTESIAN_POINT ( 'NONE',  ( -29.73735839471699904, 7.936306604547580772E-15, 1.000000000000000000 ) ) ;
#1444 = LINE ( 'NONE', #1331, #885 ) ;
#1445 = CARTESIAN_POINT ( 'NONE',  ( -27.75005588011200075, 6.500012700025000534, -1.000000000000000000 ) ) ;
#1446 = DIRECTION ( 'NONE',  ( -1.000000000000000000, 0.000000000000000000, 0.000000000000000000 ) ) ;
#1447 = ORIENTED_EDGE ( 'NONE', *, *, #1780, .F. ) ;
#1448 = DIRECTION ( 'NONE',  ( -0.000000000000000000, -0.000000000000000000, 1.000000000000000000 ) ) ;
#1449 = EDGE_LOOP ( 'NONE', ( #1518, #327, #626, #1677 ) ) ;
#1450 = CARTESIAN_POINT ( 'NONE',  ( -13.27408366748070812, -5.647529235523855107, -1.000000000000000000 ) ) ;
#1451 = CARTESIAN_POINT ( 'NONE',  ( -3.813277215984249846, 3.813277215980904522, -0.000000000000000000 ) ) ;
#1452 = VECTOR ( 'NONE', #1439, 1000.000000000000114 ) ;
#1453 = EDGE_CURVE ( 'NONE', #1110, #4, #1351, .T. ) ;
#1454 = LINE ( 'NONE', #165, #1804 ) ;
#1455 = EDGE_LOOP ( 'NONE', ( #370, #671, #1437, #790 ) ) ;
#1456 = DIRECTION ( 'NONE',  ( 0.000000000000000000, 0.000000000000000000, -1.000000000000000000 ) ) ;
#1457 = ORIENTED_EDGE ( 'NONE', *, *, #922, .T. ) ;
#1458 = EDGE_CURVE ( 'NONE', #1482, #1755, #408, .T. ) ;
#1459 = AXIS2_PLACEMENT_3D ( 'NONE', #470, #72, #1056 ) ;
#1460 = DIRECTION ( 'NONE',  ( 0.7071067811862740138, 0.7071067811868210207, 0.000000000000000000 ) ) ;
#1461 = CLOSED_SHELL ( 'NONE', ( #1770, #1352, #1607, #356, #706, #599, #383, #874, #1237, #1434, #60, #1043, #245, #1787, #503, #1850, #914, #820, #785, #1216, #94, #905, #733, #153, #315, #996, #621, #1738, #1714, #1595, #485, #170, #1853, #1022, #1363, #178, #559, #1751, #778, #1683, #1599, #984, #396, #640, #1631, #112, #1831, #1791, #481, #1507, #1501, #1181, #1538, #454, #1346 ) ) ;
#1462 = ORIENTED_EDGE ( 'NONE', *, *, #696, .F. ) ;
#1463 = DIRECTION ( 'NONE',  ( -0.000000000000000000, -0.000000000000000000, -1.000000000000000000 ) ) ;
#1464 = DIRECTION ( 'NONE',  ( 0.000000000000000000, 0.000000000000000000, -1.000000000000000000 ) ) ;
#1465 = VECTOR ( 'NONE', #34, 1000.000000000000000 ) ;
#1466 = DIRECTION ( 'NONE',  ( 0.000000000000000000, 0.000000000000000000, -1.000000000000000000 ) ) ;
#1467 = DIRECTION ( 'NONE',  ( -4.219919495621356152E-13, -1.000000000000000000, 0.000000000000000000 ) ) ;
#1468 = EDGE_CURVE ( 'NONE', #1651, #831, #1665, .T. ) ;
#1469 = EDGE_LOOP ( 'NONE', ( #1180, #1057, #366, #92 ) ) ;
#1470 = CARTESIAN_POINT ( 'NONE',  ( -16.07846075515162454, 8.487315214630537952, 1.000000000000000000 ) ) ;
#1471 = CIRCLE ( 'NONE', #1291, 2.987307593130807959 ) ;
#1472 = ORIENTED_EDGE ( 'NONE', *, *, #41, .F. ) ;
#1473 = VECTOR ( 'NONE', #1123, 1000.000000000000000 ) ;
#1474 = AXIS2_PLACEMENT_3D ( 'NONE', #700, #261, #1681 ) ;
#1475 = DIRECTION ( 'NONE',  ( -1.000000000000000000, 0.000000000000000000, 0.000000000000000000 ) ) ;
#1476 = VECTOR ( 'NONE', #284, 1000.000000000000000 ) ;
#1477 = CARTESIAN_POINT ( 'NONE',  ( -11.92159512321299886, -5.087310134620000035, 0.000000000000000000 ) ) ;
#1478 = PLANE ( 'NONE',  #890 ) ;
#1479 = ORIENTED_EDGE ( 'NONE', *, *, #1572, .F. ) ;
#1480 = CIRCLE ( 'NONE', #504, 1.987302514605267856 ) ;
#1481 = CARTESIAN_POINT ( 'NONE',  ( -5.111741834061978018, 5.111741834058022960, -1.000000000000000000 ) ) ;
#1482 = VERTEX_POINT ( 'NONE', #1406 ) ;
#1483 = CARTESIAN_POINT ( 'NONE',  ( 0.000000000000000000, -5.087310134620000035, -1.000000000000000000 ) ) ;
#1484 = DIRECTION ( 'NONE',  ( 0.000000000000000000, 0.000000000000000000, -1.000000000000000000 ) ) ;
#1485 = EDGE_CURVE ( 'NONE', #589, #902, #1231, .T. ) ;
#1486 = CARTESIAN_POINT ( 'NONE',  ( -1.464063816291039170E-11, 5.087310134625831815, -1.000000000000000000 ) ) ;
#1487 = VERTEX_POINT ( 'NONE', #243 ) ;
#1488 = VERTEX_POINT ( 'NONE', #1394 ) ;
#1489 = DIRECTION ( 'NONE',  ( 1.000000000000000000, -7.431389872894915474E-17, 0.000000000000000000 ) ) ;
#1490 = ORIENTED_EDGE ( 'NONE', *, *, #385, .T. ) ;
#1491 = EDGE_CURVE ( 'NONE', #1247, #661, #466, .T. ) ;
#1492 = EDGE_CURVE ( 'NONE', #1048, #776, #1111, .T. ) ;
#1493 = DIRECTION ( 'NONE',  ( 1.000000000000000000, 2.877874117259257654E-12, 0.000000000000000000 ) ) ;
#1494 = VERTEX_POINT ( 'NONE', #354 ) ;
#1495 = ORIENTED_EDGE ( 'NONE', *, *, #1468, .T. ) ;
#1496 = DIRECTION ( 'NONE',  ( 0.000000000000000000, -1.000000000000000000, 0.000000000000000000 ) ) ;
#1497 = VERTEX_POINT ( 'NONE', #982 ) ;
#1498 = DIRECTION ( 'NONE',  ( -0.000000000000000000, 0.000000000000000000, 1.000000000000000000 ) ) ;
#1499 = AXIS2_PLACEMENT_3D ( 'NONE', #1800, #264, #687 ) ;
#1500 = VERTEX_POINT ( 'NONE', #827 ) ;
#1501 = ADVANCED_FACE ( 'NONE', ( #938, #93 ), #84, .F. ) ;
#1502 = EDGE_LOOP ( 'NONE', ( #904, #1342, #1049, #1428 ) ) ;
#1503 = DIRECTION ( 'NONE',  ( -0.000000000000000000, 0.000000000000000000, 1.000000000000000000 ) ) ;
#1504 = VERTEX_POINT ( 'NONE', #1242 ) ;
#1505 = VECTOR ( 'NONE', #1608, 1000.000000000000000 ) ;
#1506 = CARTESIAN_POINT ( 'NONE',  ( -4.708187099296675449, 5.515296568823638168, 0.000000000000000000 ) ) ;
#1507 = ADVANCED_FACE ( 'NONE', ( #1820, #222 ), #791, .T. ) ;
#1508 = VERTEX_POINT ( 'NONE', #815 ) ;
#1509 = VERTEX_POINT ( 'NONE', #104 ) ;
#1510 = ORIENTED_EDGE ( 'NONE', *, *, #678, .F. ) ;
#1511 = CARTESIAN_POINT ( 'NONE',  ( -11.92159511960599971, 7.000017778551000269, 1.000000000000000000 ) ) ;
#1512 = EDGE_CURVE ( 'NONE', #522, #776, #1833, .T. ) ;
#1513 = ORIENTED_EDGE ( 'NONE', *, *, #230, .T. ) ;
#1514 = CARTESIAN_POINT ( 'NONE',  ( 0.000000000000000000, 0.000000000000000000, 0.000000000000000000 ) ) ;
#1515 = CIRCLE ( 'NONE', #487, 1.012707643931038515 ) ;
#1516 = EDGE_LOOP ( 'NONE', ( #177, #899, #1323, #1382 ) ) ;
#1517 = EDGE_CURVE ( 'NONE', #736, #1075, #341, .T. ) ;
#1518 = ORIENTED_EDGE ( 'NONE', *, *, #1741, .T. ) ;
#1519 = ORIENTED_EDGE ( 'NONE', *, *, #1125, .T. ) ;
#1520 = CYLINDRICAL_SURFACE ( 'NONE', #395, 1.000000000000000000 ) ;
#1521 =( GEOMETRIC_REPRESENTATION_CONTEXT ( 3 ) GLOBAL_UNCERTAINTY_ASSIGNED_CONTEXT ( ( #445 ) ) GLOBAL_UNIT_ASSIGNED_CONTEXT ( ( #1829, #625, #1782 ) ) REPRESENTATION_CONTEXT ( 'NONE', 'WORKASPACE' ) );
#1522 = EDGE_LOOP ( 'NONE', ( #1208, #450, #1295, #1645 ) ) ;
#1523 = CARTESIAN_POINT ( 'NONE',  ( -5.111741834061978018, 5.111741834058022960, 0.000000000000000000 ) ) ;
#1524 = AXIS2_PLACEMENT_3D ( 'NONE', #331, #1802, #1650 ) ;
#1525 = VECTOR ( 'NONE', #320, 1000.000000000000000 ) ;
#1526 = DIRECTION ( 'NONE',  ( 0.000000000000000000, 0.000000000000000000, -1.000000000000000000 ) ) ;
#1527 = DIRECTION ( 'NONE',  ( -0.000000000000000000, -0.000000000000000000, 1.000000000000000000 ) ) ;
#1528 = VERTEX_POINT ( 'NONE', #43 ) ;
#1529 = CIRCLE ( 'NONE', #561, 0.4127000795032010894 ) ;
#1530 = DIRECTION ( 'NONE',  ( 1.000000000000000000, -0.000000000000000000, 0.000000000000000000 ) ) ;
#1531 = ORIENTED_EDGE ( 'NONE', *, *, #1636, .T. ) ;
#1532 = CARTESIAN_POINT ( 'NONE',  ( -5.307116963617000138, -5.500010214123999042, -1.000000000000000000 ) ) ;
#1533 = DIRECTION ( 'NONE',  ( -1.000000000000000000, 0.000000000000000000, 0.000000000000000000 ) ) ;
#1534 = DIRECTION ( 'NONE',  ( 0.000000000000000000, 0.000000000000000000, -1.000000000000000000 ) ) ;
#1535 = AXIS2_PLACEMENT_3D ( 'NONE', #1044, #1014, #436 ) ;
#1536 = ORIENTED_EDGE ( 'NONE', *, *, #1842, .F. ) ;
#1537 = DIRECTION ( 'NONE',  ( -0.000000000000000000, -0.000000000000000000, -1.000000000000000000 ) ) ;
#1538 = ADVANCED_FACE ( 'NONE', ( #1015 ), #302, .T. ) ;
#1539 = CARTESIAN_POINT ( 'NONE',  ( -28.83735839471700046, 6.500012700025000534, -1.000000000000000000 ) ) ;
#1540 = DIRECTION ( 'NONE',  ( -0.7071067811862653540, -0.7071067811868296804, 0.000000000000000000 ) ) ;
#1541 = ORIENTED_EDGE ( 'NONE', *, *, #945, .T. ) ;
#1542 = CARTESIAN_POINT ( 'NONE',  ( -2.692900682484000274, -5.087310134620000035, 0.000000000000000000 ) ) ;
#1543 = ORIENTED_EDGE ( 'NONE', *, *, #18, .T. ) ;
#1544 = CARTESIAN_POINT ( 'NONE',  ( -5.015294033510573790, -5.208187094604739720, -1.000000000000000000 ) ) ;
#1545 = DIRECTION ( 'NONE',  ( -0.000000000000000000, -0.000000000000000000, -1.000000000000000000 ) ) ;
#1546 = VECTOR ( 'NONE', #1329, 1000.000000000000000 ) ;
#1547 = ORIENTED_EDGE ( 'NONE', *, *, #1175, .F. ) ;
#1548 = CARTESIAN_POINT ( 'NONE',  ( -1.012702565405000144, -4.987310134620076774, -1.000000000000000000 ) ) ;
#1549 = EDGE_CURVE ( 'NONE', #1379, #774, #868, .T. ) ;
#1550 = DIRECTION ( 'NONE',  ( -1.000000000000000000, 0.000000000000000000, 0.000000000000000000 ) ) ;
#1551 = VECTOR ( 'NONE', #1496, 1000.000000000000000 ) ;
#1552 = CARTESIAN_POINT ( 'NONE',  ( -27.75005588011200075, -8.487315214630001492, 1.000000000000000000 ) ) ;
#1553 = ORIENTED_EDGE ( 'NONE', *, *, #157, .T. ) ;
#1554 = EDGE_CURVE ( 'NONE', #796, #1347, #1319, .T. ) ;
#1555 = AXIS2_PLACEMENT_3D ( 'NONE', #1024, #1466, #593 ) ;
#1556 = ORIENTED_EDGE ( 'NONE', *, *, #1288, .T. ) ;
#1557 = CARTESIAN_POINT ( 'NONE',  ( -1.012702565405000144, 4.987308897789034745, -1.000000000000000000 ) ) ;
#1558 = FACE_OUTER_BOUND ( 'NONE', #335, .T. ) ;
#1559 = ORIENTED_EDGE ( 'NONE', *, *, #1625, .T. ) ;
#1560 = VECTOR ( 'NONE', #363, 1000.000000000000000 ) ;
#1561 = FACE_OUTER_BOUND ( 'NONE', #1061, .T. ) ;
#1562 = DIRECTION ( 'NONE',  ( -0.000000000000000000, 0.000000000000000000, 1.000000000000000000 ) ) ;
#1563 = EDGE_LOOP ( 'NONE', ( #459, #1547, #404, #723 ) ) ;
#1564 = VECTOR ( 'NONE', #801, 1000.000000000000000 ) ;
#1565 = LINE ( 'NONE', #1412, #958 ) ;
#1566 = DIRECTION ( 'NONE',  ( -0.000000000000000000, -0.000000000000000000, -1.000000000000000000 ) ) ;
#1567 = VECTOR ( 'NONE', #595, 1000.000000000000000 ) ;
#1568 = DIRECTION ( 'NONE',  ( -1.000000000000000000, 2.303730860562045791E-14, 0.000000000000000000 ) ) ;
#1569 = DIRECTION ( 'NONE',  ( -0.000000000000000000, -0.000000000000000000, 1.000000000000000000 ) ) ;
#1570 = CARTESIAN_POINT ( 'NONE',  ( -3.707114423611999943, -5.100010105917000658, 0.000000000000000000 ) ) ;
#1571 = FACE_OUTER_BOUND ( 'NONE', #1638, .T. ) ;
#1572 = EDGE_CURVE ( 'NONE', #624, #831, #1311, .T. ) ;
#1573 = FACE_OUTER_BOUND ( 'NONE', #333, .T. ) ;
#1574 = CARTESIAN_POINT ( 'NONE',  ( -14.60251140446231410, -6.975956972506626386, -1.000000000000000000 ) ) ;
#1575 = EDGE_CURVE ( 'NONE', #1039, #694, #583, .T. ) ;
#1576 = CARTESIAN_POINT ( 'NONE',  ( -5.306884993771173065, 5.087312732783423108, -1.000000000000000000 ) ) ;
#1577 = VERTEX_POINT ( 'NONE', #878 ) ;
#1578 = DIRECTION ( 'NONE',  ( -1.000000000000000000, 0.000000000000000000, 0.000000000000000000 ) ) ;
#1579 = CARTESIAN_POINT ( 'NONE',  ( -12.63768756453918662, -6.283925338718281850, 1.000000000000000000 ) ) ;
#1580 = DIRECTION ( 'NONE',  ( -0.000000000000000000, -0.000000000000000000, 1.000000000000000000 ) ) ;
#1581 = DIRECTION ( 'NONE',  ( 0.000000000000000000, 0.000000000000000000, -1.000000000000000000 ) ) ;
#1582 = CARTESIAN_POINT ( 'NONE',  ( -3.291830680739326720, -5.515294028818636285, 0.000000000000000000 ) ) ;
#1583 = CARTESIAN_POINT ( 'NONE',  ( -16.07846076050600104, 5.500007621499999111, 1.000000000000000000 ) ) ;
#1584 = ORIENTED_EDGE ( 'NONE', *, *, #653, .T. ) ;
#1585 = CYLINDRICAL_SURFACE ( 'NONE', #1276, 1.987302514605004289 ) ;
#1586 = VECTOR ( 'NONE', #1381, 1000.000000000000000 ) ;
#1587 = FACE_OUTER_BOUND ( 'NONE', #1655, .T. ) ;
#1588 = CARTESIAN_POINT ( 'NONE',  ( 1.111731674038340945, -1.111731674037453876, -1.000000000000000000 ) ) ;
#1589 = FACE_OUTER_BOUND ( 'NONE', #881, .T. ) ;
#1590 = EDGE_LOOP ( 'NONE', ( #575, #1806, #959, #1095 ) ) ;
#1591 = AXIS2_PLACEMENT_3D ( 'NONE', #1441, #159, #304 ) ;
#1592 = DIRECTION ( 'NONE',  ( 0.7071067811862520314, -0.7071067811868430031, 0.000000000000000000 ) ) ;
#1593 = CARTESIAN_POINT ( 'NONE',  ( -1.747913220875778808E-13, -7.587315214631177973, -1.000000000000000000 ) ) ;
#1594 = ORIENTED_EDGE ( 'NONE', *, *, #1112, .F. ) ;
#1595 = ADVANCED_FACE ( 'NONE', ( #449 ), #605, .F. ) ;
#1596 = DIRECTION ( 'NONE',  ( 0.000000000000000000, 0.000000000000000000, -1.000000000000000000 ) ) ;
#1597 = DIRECTION ( 'NONE',  ( 1.000000000000000000, 0.000000000000000000, 0.000000000000000000 ) ) ;
#1598 = PLANE ( 'NONE',  #1131 ) ;
#1599 = ADVANCED_FACE ( 'NONE', ( #1589 ), #1478, .T. ) ;
#1600 = FACE_OUTER_BOUND ( 'NONE', #531, .T. ) ;
#1601 = ORIENTED_EDGE ( 'NONE', *, *, #1370, .T. ) ;
#1602 = DIRECTION ( 'NONE',  ( 0.000000000000000000, 0.000000000000000000, 1.000000000000000000 ) ) ;
#1603 = VECTOR ( 'NONE', #1854, 1000.000000000000000 ) ;
#1604 = CARTESIAN_POINT ( 'NONE',  ( -16.07846075694400056, 7.587315214630002025, -1.000000000000000000 ) ) ;
#1605 = VERTEX_POINT ( 'NONE', #313 ) ;
#1606 = DIRECTION ( 'NONE',  ( -0.000000000000000000, -0.000000000000000000, 1.000000000000000000 ) ) ;
#1607 = ADVANCED_FACE ( 'NONE', ( #1187 ), #1762, .F. ) ;
#1608 = DIRECTION ( 'NONE',  ( 1.000000000000000000, -7.431389872894915474E-17, 0.000000000000000000 ) ) ;
#1609 = VECTOR ( 'NONE', #338, 1000.000000000000000 ) ;
#1610 = DIRECTION ( 'NONE',  ( 0.000000000000000000, 0.000000000000000000, -1.000000000000000000 ) ) ;
#1611 = DIRECTION ( 'NONE',  ( -0.7071067811877805864, 0.7071067811853144480, 0.000000000000000000 ) ) ;
#1612 = VERTEX_POINT ( 'NONE', #610 ) ;
#1613 = AXIS2_PLACEMENT_3D ( 'NONE', #1779, #1369, #81 ) ;
#1614 = VECTOR ( 'NONE', #530, 1000.000000000000000 ) ;
#1615 = ORIENTED_EDGE ( 'NONE', *, *, #1554, .F. ) ;
#1616 = DIRECTION ( 'NONE',  ( 1.000000000000000000, 0.000000000000000000, 0.000000000000000000 ) ) ;
#1617 = CARTESIAN_POINT ( 'NONE',  ( -27.75005588011200075, 7.587315214630002913, -1.000000000000000000 ) ) ;
#1618 = DIRECTION ( 'NONE',  ( -1.000000000000000000, 0.000000000000000000, 0.000000000000000000 ) ) ;
#1619 =( REPRESENTATION_RELATIONSHIP ('NONE','NONE', #631, #1292 ) REPRESENTATION_RELATIONSHIP_WITH_TRANSFORMATION ( #413 )SHAPE_REPRESENTATION_RELATIONSHIP( ) );
#1620 = DIRECTION ( 'NONE',  ( -1.000000000000000000, 0.000000000000000000, 0.000000000000000000 ) ) ;
#1621 = ORIENTED_EDGE ( 'NONE', *, *, #816, .T. ) ;
#1622 = ORIENTED_EDGE ( 'NONE', *, *, #1575, .F. ) ;
#1623 = PLANE ( 'NONE',  #483 ) ;
#1624 = CIRCLE ( 'NONE', #1141, 2.087307593130138805 ) ;
#1625 = EDGE_CURVE ( 'NONE', #1508, #1633, #1255, .T. ) ;
#1626 = VERTEX_POINT ( 'NONE', #1823 ) ;
#1627 = VECTOR ( 'NONE', #1065, 1000.000000000000114 ) ;
#1628 = AXIS2_PLACEMENT_3D ( 'NONE', #722, #1035, #1300 ) ;
#1629 = DIRECTION ( 'NONE',  ( -0.000000000000000000, 0.000000000000000000, 1.000000000000000000 ) ) ;
#1630 = ORIENTED_EDGE ( 'NONE', *, *, #728, .T. ) ;
#1631 = ADVANCED_FACE ( 'NONE', ( #1836 ), #377, .T. ) ;
#1632 = AXIS2_PLACEMENT_3D ( 'NONE', #1445, #156, #310 ) ;
#1633 = VERTEX_POINT ( 'NONE', #519 ) ;
#1634 = LINE ( 'NONE', #211, #1609 ) ;
#1635 = ORIENTED_EDGE ( 'NONE', *, *, #118, .F. ) ;
#1636 = EDGE_CURVE ( 'NONE', #1789, #1814, #1167, .T. ) ;
#1637 = DIRECTION ( 'NONE',  ( 1.000000000000000000, 0.000000000000000000, 0.000000000000000000 ) ) ;
#1638 = EDGE_LOOP ( 'NONE', ( #193, #1106, #611, #1559 ) ) ;
#1639 = ORIENTED_EDGE ( 'NONE', *, *, #961, .T. ) ;
#1640 = CARTESIAN_POINT ( 'NONE',  ( -4.708187099296675449, 5.515296568823638168, -1.000000000000000000 ) ) ;
#1641 = VERTEX_POINT ( 'NONE', #1386 ) ;
#1642 = CARTESIAN_POINT ( 'NONE',  ( -13.27408366748070812, -5.647529235523855107, -1.000000000000000000 ) ) ;
#1643 = VECTOR ( 'NONE', #730, 1000.000000000000000 ) ;
#1644 = VERTEX_POINT ( 'NONE', #1676 ) ;
#1645 = ORIENTED_EDGE ( 'NONE', *, *, #1710, .T. ) ;
#1646 = FACE_OUTER_BOUND ( 'NONE', #1357, .T. ) ;
#1647 = ORIENTED_EDGE ( 'NONE', *, *, #259, .T. ) ;
#1648 = VECTOR ( 'NONE', #124, 1000.000000000000000 ) ;
#1649 = EDGE_CURVE ( 'NONE', #488, #624, #1092, .T. ) ;
#1650 = DIRECTION ( 'NONE',  ( -1.000000000000000000, 0.000000000000000000, 0.000000000000000000 ) ) ;
#1651 = VERTEX_POINT ( 'NONE', #246 ) ;
#1652 = EDGE_CURVE ( 'NONE', #1334, #1605, #805, .T. ) ;
#1653 = ORIENTED_EDGE ( 'NONE', *, *, #16, .F. ) ;
#1654 = LINE ( 'NONE', #614, #1551 ) ;
#1655 = EDGE_LOOP ( 'NONE', ( #508, #192, #12, #1601 ) ) ;
#1656 = DIRECTION ( 'NONE',  ( -1.000000000000000000, 0.000000000000000000, 0.000000000000000000 ) ) ;
#1657 = EDGE_CURVE ( 'NONE', #616, #339, #399, .T. ) ;
#1658 = AXIS2_PLACEMENT_3D ( 'NONE', #1734, #746, #1042 ) ;
#1659 = CARTESIAN_POINT ( 'NONE',  ( -1.012702565405000144, 4.987308897789034745, 1.000000000000000000 ) ) ;
#1660 = VERTEX_POINT ( 'NONE', #1552 ) ;
#1661 = EDGE_LOOP ( 'NONE', ( #1172, #752, #208, #1669 ) ) ;
#1662 = VERTEX_POINT ( 'NONE', #949 ) ;
#1663 = CARTESIAN_POINT ( 'NONE',  ( -3.291830680739326720, -5.515294028818636285, -1.000000000000000000 ) ) ;
#1664 = EDGE_LOOP ( 'NONE', ( #1273, #136, #1824, #1826 ) ) ;
#1665 = LINE ( 'NONE', #837, #1473 ) ;
#1666 = FACE_OUTER_BOUND ( 'NONE', #1278, .T. ) ;
#1667 = DIRECTION ( 'NONE',  ( -1.000000000000000000, 0.000000000000000000, 0.000000000000000000 ) ) ;
#1668 = EDGE_LOOP ( 'NONE', ( #476, #584 ) ) ;
#1669 = ORIENTED_EDGE ( 'NONE', *, *, #286, .T. ) ;
#1670 = CARTESIAN_POINT ( 'NONE',  ( -3.707114577034329894, -5.687310134620219060, 0.000000000000000000 ) ) ;
#1671 = ORIENTED_EDGE ( 'NONE', *, *, #1288, .F. ) ;
#1672 = EDGE_CURVE ( 'NONE', #1482, #1110, #818, .T. ) ;
#1673 = DIRECTION ( 'NONE',  ( 0.000000000000000000, -1.000000000000000000, 0.000000000000000000 ) ) ;
#1674 = VECTOR ( 'NONE', #1739, 1000.000000000000000 ) ;
#1675 = DIRECTION ( 'NONE',  ( 1.000000000000000000, 0.000000000000000000, 0.000000000000000000 ) ) ;
#1676 = CARTESIAN_POINT ( 'NONE',  ( -16.07846075694400056, 7.587315214630002025, -1.000000000000000000 ) ) ;
#1677 = ORIENTED_EDGE ( 'NONE', *, *, #1429, .F. ) ;
#1678 = VECTOR ( 'NONE', #417, 1000.000000000000000 ) ;
#1679 = PLANE ( 'NONE',  #27 ) ;
#1680 = ORIENTED_EDGE ( 'NONE', *, *, #535, .T. ) ;
#1681 = DIRECTION ( 'NONE',  ( 0.7071067811865852093, -0.7071067811865098252, 0.000000000000000000 ) ) ;
#1682 = CARTESIAN_POINT ( 'NONE',  ( -14.60251140433618389, 6.975956972379353971, -1.000000000000000000 ) ) ;
#1683 = ADVANCED_FACE ( 'NONE', ( #106 ), #679, .T. ) ;
#1684 = ORIENTED_EDGE ( 'NONE', *, *, #1414, .T. ) ;
#1685 = CARTESIAN_POINT ( 'NONE',  ( -1.464063816291039170E-11, 5.087310134625831815, 0.000000000000000000 ) ) ;
#1686 = EDGE_CURVE ( 'NONE', #1103, #55, #1107, .T. ) ;
#1687 = CYLINDRICAL_SURFACE ( 'NONE', #795, 0.5873000287033030009 ) ;
#1688 = CARTESIAN_POINT ( 'NONE',  ( -5.307116963617000138, -5.500010214123999042, -1.000000000000000000 ) ) ;
#1689 = AXIS2_PLACEMENT_3D ( 'NONE', #1013, #1184, #1618 ) ;
#1690 = LINE ( 'NONE', #975, #17 ) ;
#1691 = DIRECTION ( 'NONE',  ( 1.000000000000000000, 0.000000000000000000, 0.000000000000000000 ) ) ;
#1692 = EDGE_LOOP ( 'NONE', ( #1154, #1219, #388, #1164 ) ) ;
#1693 = DIRECTION ( 'NONE',  ( -1.000000000000000000, -1.486277974578983095E-16, 0.000000000000000000 ) ) ;
#1694 = CYLINDRICAL_SURFACE ( 'NONE', #410, 0.5873000287032743572 ) ;
#1695 = AXIS2_PLACEMENT_3D ( 'NONE', #1029, #439, #1190 ) ;
#1696 = EDGE_LOOP ( 'NONE', ( #1010, #1093, #420, #352 ) ) ;
#1697 = DIRECTION ( 'NONE',  ( 0.000000000000000000, 0.000000000000000000, -1.000000000000000000 ) ) ;
#1698 = CARTESIAN_POINT ( 'NONE',  ( -2.491052040399907241, 5.987310134620003055, 1.000000000000000000 ) ) ;
#1699 = EDGE_CURVE ( 'NONE', #1662, #268, #897, .T. ) ;
#1700 = DIRECTION ( 'NONE',  ( 0.7071067811864838459, 0.7071067811866112995, 0.000000000000000000 ) ) ;
#1701 = CIRCLE ( 'NONE', #1555, 2.087307593130943495 ) ;
#1702 = ORIENTED_EDGE ( 'NONE', *, *, #1672, .F. ) ;
#1703 = CARTESIAN_POINT ( 'NONE',  ( -15.09742951485899987, -5.123210566421000145, -2.000000000000000000 ) ) ;
#1704 = CARTESIAN_POINT ( 'NONE',  ( -27.75005588011200075, 8.487315214630537952, 1.000000000000000000 ) ) ;
#1705 = PRODUCT_CONTEXT ( 'NONE', #1808, 'mechanical' ) ;
#1706 = ORIENTED_EDGE ( 'NONE', *, *, #419, .T. ) ;
#1707 = AXIS2_PLACEMENT_3D ( 'NONE', #1514, #970, #665 ) ;
#1708 = FACE_OUTER_BOUND ( 'NONE', #1455, .T. ) ;
#1709 = CARTESIAN_POINT ( 'NONE',  ( -2.692897314020000099, 5.500012537527999790, 0.000000000000000000 ) ) ;
#1710 = EDGE_CURVE ( 'NONE', #607, #1810, #1565, .T. ) ;
#1711 = CYLINDRICAL_SURFACE ( 'NONE', #1423, 1.087302514605269943 ) ;
#1712 = VECTOR ( 'NONE', #1418, 1000.000000000000000 ) ;
#1713 = VECTOR ( 'NONE', #1537, 1000.000000000000000 ) ;
#1714 = ADVANCED_FACE ( 'NONE', ( #832 ), #1846, .T. ) ;
#1715 = APPLICATION_CONTEXT ( 'automotive_design' ) ;
#1716 = DIRECTION ( 'NONE',  ( -1.000000000000000000, 0.000000000000000000, 0.000000000000000000 ) ) ;
#1717 = CARTESIAN_POINT ( 'NONE',  ( -5.363508130054190634E-13, -5.087310134621256807, -0.000000000000000000 ) ) ;
#1718 = DIRECTION ( 'NONE',  ( 0.000000000000000000, 0.000000000000000000, 1.000000000000000000 ) ) ;
#1719 = AXIS2_PLACEMENT_3D ( 'NONE', #251, #240, #1402 ) ;
#1720 = AXIS2_PLACEMENT_3D ( 'NONE', #1119, #701, #1280 ) ;
#1721 = DIRECTION ( 'NONE',  ( -0.000000000000000000, -0.000000000000000000, -1.000000000000000000 ) ) ;
#1722 = PRODUCT_RELATED_PRODUCT_CATEGORY ( 'part', '', ( #62 ) ) ;
#1723 = ORIENTED_EDGE ( 'NONE', *, *, #39, .F. ) ;
#1724 = CYLINDRICAL_SURFACE ( 'NONE', #1109, 2.087307593130943495 ) ;
#1725 = DIRECTION ( 'NONE',  ( -0.000000000000000000, -0.000000000000000000, 1.000000000000000000 ) ) ;
#1726 = PRESENTATION_LAYER_ASSIGNMENT (  '', '', ( #807 ) ) ;
#1727 = LINE ( 'NONE', #997, #312 ) ;
#1728 = CARTESIAN_POINT ( 'NONE',  ( -27.75005588011200075, -8.487315214630001492, 1.000000000000000000 ) ) ;
#1729 = VERTEX_POINT ( 'NONE', #1544 ) ;
#1730 = CARTESIAN_POINT ( 'NONE',  ( -2.984723793756369314, 5.208189681840679874, -1.000000000000000000 ) ) ;
#1731 = LINE ( 'NONE', #1430, #836 ) ;
#1732 = ORIENTED_EDGE ( 'NONE', *, *, #741, .T. ) ;
#1733 = DIRECTION ( 'NONE',  ( 0.000000000000000000, 0.000000000000000000, -1.000000000000000000 ) ) ;
#1734 = CARTESIAN_POINT ( 'NONE',  ( -2.000005080009999769, 4.000007620015000320, 0.000000000000000000 ) ) ;
#1735 = CARTESIAN_POINT ( 'NONE',  ( -0.01270256540500001516, 4.987308897789034745, 1.000000000000000000 ) ) ;
#1736 = DIRECTION ( 'NONE',  ( 0.000000000000000000, 0.000000000000000000, -1.000000000000000000 ) ) ;
#1737 = EDGE_LOOP ( 'NONE', ( #1805, #516, #932, #288 ) ) ;
#1738 = ADVANCED_FACE ( 'NONE', ( #129 ), #1118, .T. ) ;
#1739 = DIRECTION ( 'NONE',  ( -1.000000000000000000, -1.352583071298845202E-16, 0.000000000000000000 ) ) ;
#1740 = EDGE_LOOP ( 'NONE', ( #1816, #80, #218, #851 ) ) ;
#1741 = EDGE_CURVE ( 'NONE', #1660, #400, #1248, .T. ) ;
#1742 = CARTESIAN_POINT ( 'NONE',  ( -16.07846075694400056, -8.487315214629999716, -1.000000000000000000 ) ) ;
#1743 = DIRECTION ( 'NONE',  ( 0.9999999999999228395, 3.927856634867699321E-07, 0.000000000000000000 ) ) ;
#1744 = CARTESIAN_POINT ( 'NONE',  ( -4.708187080824134618, -5.515294047290106860, -0.000000000000000000 ) ) ;
#1745 = CIRCLE ( 'NONE', #204, 0.4127000795032010894 ) ;
#1746 = CARTESIAN_POINT ( 'NONE',  ( -0.9127025654049999437, 0.000000000000000000, -0.000000000000000000 ) ) ;
#1747 = EDGE_CURVE ( 'NONE', #400, #505, #468, .T. ) ;
#1748 = DIRECTION ( 'NONE',  ( -1.000000000000000000, 0.000000000000000000, 0.000000000000000000 ) ) ;
#1749 = EDGE_LOOP ( 'NONE', ( #35, #860, #1447, #1316 ) ) ;
#1750 = CARTESIAN_POINT ( 'NONE',  ( -13.27408366760733927, 5.647529235650649682, -0.000000000000000000 ) ) ;
#1751 = ADVANCED_FACE ( 'NONE', ( #543 ), #710, .T. ) ;
#1752 = CARTESIAN_POINT ( 'NONE',  ( -16.07846075676476261, -7.587315214630807603, -1.000000000000000000 ) ) ;
#1753 = CARTESIAN_POINT ( 'NONE',  ( -15.09742951485899987, -5.123210566421000145, -2.000000000000000000 ) ) ;
#1754 = DIRECTION ( 'NONE',  ( 1.000000000000000000, 0.000000000000000000, 0.000000000000000000 ) ) ;
#1755 = VERTEX_POINT ( 'NONE', #1390 ) ;
#1756 = CARTESIAN_POINT ( 'NONE',  ( -1.012702565405000144, -4.987310134620076774, 1.000000000000000000 ) ) ;
#1757 = VECTOR ( 'NONE', #433, 1000.000000000000000 ) ;
#1758 = ORIENTED_EDGE ( 'NONE', *, *, #1250, .F. ) ;
#1759 = LINE ( 'NONE', #1617, #1124 ) ;
#1760 = DIRECTION ( 'NONE',  ( -0.000000000000000000, -0.000000000000000000, 1.000000000000000000 ) ) ;
#1761 = CARTESIAN_POINT ( 'NONE',  ( -0.01270256540500001516, -4.987310134620076774, -1.000000000000000000 ) ) ;
#1762 = PLANE ( 'NONE',  #743 ) ;
#1763 = VERTEX_POINT ( 'NONE', #1150 ) ;
#1764 = ORIENTED_EDGE ( 'NONE', *, *, #471, .T. ) ;
#1765 = AXIS2_PLACEMENT_3D ( 'NONE', #1350, #1240, #1344 ) ;
#1766 = EDGE_CURVE ( 'NONE', #205, #400, #1857, .T. ) ;
#1767 = VECTOR ( 'NONE', #1206, 1000.000000000000000 ) ;
#1768 = DIRECTION ( 'NONE',  ( 1.000000000000000000, 0.000000000000000000, 0.000000000000000000 ) ) ;
#1769 = VERTEX_POINT ( 'NONE', #1139 ) ;
#1770 = ADVANCED_FACE ( 'NONE', ( #1827 ), #100, .T. ) ;
#1771 = EDGE_LOOP ( 'NONE', ( #1283, #1404, #761, #1210 ) ) ;
#1772 = CARTESIAN_POINT ( 'NONE',  ( -15.99743205486400122, -5.123210566421000145, -2.000000000000000000 ) ) ;
#1773 = VECTOR ( 'NONE', #518, 1000.000000000000000 ) ;
#1774 = CIRCLE ( 'NONE', #1591, 1.012707643931038515 ) ;
#1775 = ORIENTED_EDGE ( 'NONE', *, *, #1554, .T. ) ;
#1776 = LINE ( 'NONE', #1058, #1627 ) ;
#1777 = DIRECTION ( 'NONE',  ( 1.000000000000000000, 2.877874117259257654E-12, 0.000000000000000000 ) ) ;
#1778 = ORIENTED_EDGE ( 'NONE', *, *, #590, .T. ) ;
#1779 = CARTESIAN_POINT ( 'NONE',  ( -0.9127025654049999437, 0.000000000000000000, -1.000000000000000000 ) ) ;
#1780 = EDGE_CURVE ( 'NONE', #1349, #1729, #1529, .T. ) ;
#1781 = ORIENTED_EDGE ( 'NONE', *, *, #85, .F. ) ;
#1782 =( NAMED_UNIT ( * ) SI_UNIT ( $, .STERADIAN. ) SOLID_ANGLE_UNIT ( ) );
#1783 = DIRECTION ( 'NONE',  ( 0.000000000000000000, 0.000000000000000000, -1.000000000000000000 ) ) ;
#1784 = ORIENTED_EDGE ( 'NONE', *, *, #422, .T. ) ;
#1785 = EDGE_LOOP ( 'NONE', ( #981, #1758, #382, #512 ) ) ;
#1786 = DIRECTION ( 'NONE',  ( -0.000000000000000000, -0.000000000000000000, 1.000000000000000000 ) ) ;
#1787 = ADVANCED_FACE ( 'NONE', ( #565 ), #523, .F. ) ;
#1788 = AXIS2_PLACEMENT_3D ( 'NONE', #1213, #1566, #1533 ) ;
#1789 = VERTEX_POINT ( 'NONE', #1864 ) ;
#1790 = VECTOR ( 'NONE', #1856, 1000.000000000000000 ) ;
#1791 = ADVANCED_FACE ( 'NONE', ( #1573 ), #276, .F. ) ;
#1792 = SURFACE_STYLE_FILL_AREA ( #207 ) ;
#1793 = VECTOR ( 'NONE', #1244, 1000.000000000000000 ) ;
#1794 = ORIENTED_EDGE ( 'NONE', *, *, #300, .F. ) ;
#1795 = VERTEX_POINT ( 'NONE', #110 ) ;
#1796 = VERTEX_POINT ( 'NONE', #682 ) ;
#1797 = DIRECTION ( 'NONE',  ( -0.000000000000000000, -0.000000000000000000, -1.000000000000000000 ) ) ;
#1798 = ORIENTED_EDGE ( 'NONE', *, *, #499, .T. ) ;
#1799 = EDGE_CURVE ( 'NONE', #839, #505, #1261, .T. ) ;
#1800 = CARTESIAN_POINT ( 'NONE',  ( -3.707114423611999943, -5.100010105917000658, -1.000000000000000000 ) ) ;
#1801 = CIRCLE ( 'NONE', #1499, 0.5873000287032743572 ) ;
#1802 = DIRECTION ( 'NONE',  ( 0.000000000000000000, 0.000000000000000000, -1.000000000000000000 ) ) ;
#1803 = VERTEX_POINT ( 'NONE', #391 ) ;
#1804 = VECTOR ( 'NONE', #33, 1000.000000000000114 ) ;
#1805 = ORIENTED_EDGE ( 'NONE', *, *, #563, .F. ) ;
#1806 = ORIENTED_EDGE ( 'NONE', *, *, #973, .F. ) ;
#1807 = CARTESIAN_POINT ( 'NONE',  ( -1.012702565405000144, 4.987308897789034745, 1.000000000000000000 ) ) ;
#1808 = APPLICATION_CONTEXT ( 'automotive_design' ) ;
#1809 = AXIS2_PLACEMENT_3D ( 'NONE', #348, #1783, #1059 ) ;
#1810 = VERTEX_POINT ( 'NONE', #842 ) ;
#1811 = CARTESIAN_POINT ( 'NONE',  ( -2.000005080009999769, 5.087310134620075530, -1.000000000000000000 ) ) ;
#1812 = DIRECTION ( 'NONE',  ( 1.000000000000000000, 0.000000000000000000, 0.000000000000000000 ) ) ;
#1813 = CARTESIAN_POINT ( 'NONE',  ( 1.111731674038340945, -1.111731674037453876, -1.000000000000000000 ) ) ;
#1814 = VERTEX_POINT ( 'NONE', #579 ) ;
#1815 = EDGE_CURVE ( 'NONE', #1387, #1729, #1776, .T. ) ;
#1816 = ORIENTED_EDGE ( 'NONE', *, *, #816, .F. ) ;
#1817 = LINE ( 'NONE', #514, #1229 ) ;
#1818 =( NAMED_UNIT ( * ) PLANE_ANGLE_UNIT ( ) SI_UNIT ( $, .RADIAN. ) );
#1819 = ORIENTED_EDGE ( 'NONE', *, *, #1766, .T. ) ;
#1820 = FACE_BOUND ( 'NONE', #158, .T. ) ;
#1821 = DIRECTION ( 'NONE',  ( 0.000000000000000000, 0.000000000000000000, -1.000000000000000000 ) ) ;
#1822 = EDGE_CURVE ( 'NONE', #545, #1612, #947, .T. ) ;
#1823 = CARTESIAN_POINT ( 'NONE',  ( -5.015294033510573790, -5.208187094604739720, -0.000000000000000000 ) ) ;
#1824 = ORIENTED_EDGE ( 'NONE', *, *, #1337, .T. ) ;
#1825 = DIRECTION ( 'NONE',  ( -0.000000000000000000, -0.000000000000000000, 1.000000000000000000 ) ) ;
#1826 = ORIENTED_EDGE ( 'NONE', *, *, #973, .T. ) ;
#1827 = FACE_OUTER_BOUND ( 'NONE', #65, .T. ) ;
#1828 = FACE_OUTER_BOUND ( 'NONE', #398, .T. ) ;
#1829 =( LENGTH_UNIT ( ) NAMED_UNIT ( * ) SI_UNIT ( .MILLI., .METRE. ) );
#1830 = PRODUCT_DEFINITION_FORMATION_WITH_SPECIFIED_SOURCE ( 'ä»', '', #917, .NOT_KNOWN. ) ;
#1831 = ADVANCED_FACE ( 'NONE', ( #798 ), #674, .T. ) ;
#1832 = ORIENTED_EDGE ( 'NONE', *, *, #342, .T. ) ;
#1833 = LINE ( 'NONE', #1685, #1070 ) ;
#1834 = AXIS2_PLACEMENT_3D ( 'NONE', #965, #248, #1691 ) ;
#1835 = DIRECTION ( 'NONE',  ( -0.000000000000000000, -0.000000000000000000, 1.000000000000000000 ) ) ;
#1836 = FACE_OUTER_BOUND ( 'NONE', #1068, .T. ) ;
#1837 = CARTESIAN_POINT ( 'NONE',  ( 1.111732944043710702, 1.111732944044869331, -1.000000000000000000 ) ) ;
#1838 = DIRECTION ( 'NONE',  ( -0.000000000000000000, -0.000000000000000000, -1.000000000000000000 ) ) ;
#1839 = CARTESIAN_POINT ( 'NONE',  ( -4.708187099296675449, 5.515296568823638168, -1.000000000000000000 ) ) ;
#1840 = ORIENTED_EDGE ( 'NONE', *, *, #9, .T. ) ;
#1841 = DIRECTION ( 'NONE',  ( 0.000000000000000000, 0.000000000000000000, -1.000000000000000000 ) ) ;
#1842 = EDGE_CURVE ( 'NONE', #1482, #379, #1339, .T. ) ;
#1843 = DIRECTION ( 'NONE',  ( 1.000000000000000000, 0.000000000000000000, 0.000000000000000000 ) ) ;
#1844 = VECTOR ( 'NONE', #1034, 1000.000000000000114 ) ;
#1845 = ORIENTED_EDGE ( 'NONE', *, *, #342, .F. ) ;
#1846 = PLANE ( 'NONE',  #1474 ) ;
#1847 = CARTESIAN_POINT ( 'NONE',  ( -11.92159511960599971, -7.000017778551000269, 1.000000000000000000 ) ) ;
#1848 = AXIS2_PLACEMENT_3D ( 'NONE', #46, #351, #345 ) ;
#1849 = ORIENTED_EDGE ( 'NONE', *, *, #987, .T. ) ;
#1850 = ADVANCED_FACE ( 'NONE', ( #1040 ), #759, .F. ) ;
#1851 = DIRECTION ( 'NONE',  ( -1.000000000000000000, 0.000000000000000000, 0.000000000000000000 ) ) ;
#1852 = CYLINDRICAL_SURFACE ( 'NONE', #711, 1.087302514605002823 ) ;
#1853 = ADVANCED_FACE ( 'NONE', ( #482 ), #955, .T. ) ;
#1854 = DIRECTION ( 'NONE',  ( -0.000000000000000000, -0.000000000000000000, -1.000000000000000000 ) ) ;
#1855 = CIRCLE ( 'NONE', #980, 0.5873000287032140720 ) ;
#1856 = DIRECTION ( 'NONE',  ( -0.000000000000000000, -0.000000000000000000, 1.000000000000000000 ) ) ;
#1857 = LINE ( 'NONE', #552, #651 ) ;
#1858 = CARTESIAN_POINT ( 'NONE',  ( -2.692900097091006639, 5.087310134618081570, 0.000000000000000000 ) ) ;
#1859 = DIRECTION ( 'NONE',  ( -1.000000000000000000, 0.000000000000000000, 0.000000000000000000 ) ) ;
#1860 = EDGE_CURVE ( 'NONE', #1420, #438, #615, .T. ) ;
#1861 = EDGE_LOOP ( 'NONE', ( #1085, #50, #1543, #1338 ) ) ;
#1862 = FACE_OUTER_BOUND ( 'NONE', #343, .T. ) ;
#1863 = LINE ( 'NONE', #1090, #775 ) ;
#1864 = CARTESIAN_POINT ( 'NONE',  ( -27.75005588011200075, -7.587315214630538485, 0.000000000000000000 ) ) ;
#1865 = NEXT_ASSEMBLY_USAGE_OCCURRENCE ( 'NAUO1', ' ', ' ', #1079, #319, $ ) ;
ENDSEC;
END-ISO-10303-21;
